Substrate,type
"InChI=1S/C8H18/c1-3-5-7-8-6-4-2/h3-8H2,1-2H3",aliphatic
"InChI=1S/C8H18/c1-3-5-7-8-6-4-2/h3-8H2,1-2H3",aliphatic
"InChI=1S/C8H18/c1-3-5-7-8-6-4-2/h3-8H2,1-2H3",aliphatic
"InChI=1S/C8H18/c1-3-5-7-8-6-4-2/h3-8H2,1-2H3",aliphatic
"InChI=1S/C12H27N/c1-4-7-10-13(11-8-5-2)12-9-6-3/h4-12H2,1-3H3",aliphatic- nitrogen
"InChI=1S/C12H27N/c1-4-7-10-13(11-8-5-2)12-9-6-3/h4-12H2,1-3H3",aliphatic- nitrogen
"InChI=1S/C12H27N/c1-4-7-10-13(11-8-5-2)12-9-6-3/h4-12H2,1-3H3",aliphatic- nitrogen
"InChI=1S/C12H27N/c1-4-7-10-13(11-8-5-2)12-9-6-3/h4-12H2,1-3H3",aliphatic- nitrogen
"InChI=1S/C7H15N/c1-2-8-6-4-3-5-7-8/h2-7H2,1H3",aliphatic- nitrogen
"InChI=1S/C7H15N/c1-2-8-6-4-3-5-7-8/h2-7H2,1H3",aliphatic- nitrogen
"InChI=1S/C7H15N/c1-2-8-6-4-3-5-7-8/h2-7H2,1H3",aliphatic- nitrogen
"InChI=1S/C7H15N/c1-2-8-6-4-3-5-7-8/h2-7H2,1H3",aliphatic- nitrogen
"InChI=1S/C7H15N/c1-2-8-6-4-3-5-7-8/h2-7H2,1H3",aliphatic- nitrogen
"InChI=1S/C7H16/c1-5-6-7(2,3)4/h5-6H2,1-4H3",aliphatic
"InChI=1S/C7H16/c1-5-6-7(2,3)4/h5-6H2,1-4H3",aliphatic
"InChI=1S/C7H16/c1-5-6-7(2,3)4/h5-6H2,1-4H3",aliphatic
"InChI=1S/C7H16/c1-5-6-7(2,3)4/h5-6H2,1-4H3",aliphatic
"InChI=1S/C8H4F6/c9-7(10,11)5-2-1-3-6(4-5)8(12,13)14/h1-4H",ED aromatic
"InChI=1S/C8H4F6/c9-7(10,11)5-2-1-3-6(4-5)8(12,13)14/h1-4H",ED aromatic
"InChI=1S/C8H4F6/c9-7(10,11)5-2-1-3-6(4-5)8(12,13)14/h1-4H",ED aromatic
"InChI=1S/C7H9N/c1-6-4-3-5-7(2)8-6/h3-5H,1-2H3",pyridine and pyrimidine
"InChI=1S/C7H9N/c1-6-4-3-5-7(2)8-6/h3-5H,1-2H3",pyridine and pyrimidine
"InChI=1S/C7H9N/c1-6-4-3-5-7(2)8-6/h3-5H,1-2H3",pyridine and pyrimidine
"InChI=1S/C9H13FSi/c1-11(2)7-8-5-3-4-6-9(8)10/h3-6,11H,7H2,1-2H3",ED aromatic
"InChI=1S/C9H13FSi/c1-11(2)7-8-5-3-4-6-9(8)10/h3-6,11H,7H2,1-2H3",ED aromatic
"InChI=1S/C9H13FSi/c1-11(2)7-8-5-3-4-6-9(8)10/h3-6,11H,7H2,1-2H3",ED aromatic
"InChI=1S/C9H13FSi/c1-11(2)7-8-5-3-4-6-9(8)10/h3-6,11H,7H2,1-2H3",ED aromatic
"InChI=1S/C9H13FSi/c1-11(2)7-8-5-3-4-6-9(8)10/h3-6,11H,7H2,1-2H3",ED aromatic
"InChI=1S/C9H13FSi/c1-11(2)7-8-5-3-4-6-9(8)10/h3-6,11H,7H2,1-2H3",ED aromatic
"InChI=1S/C10H16Si/c1-9(11(2)3)10-7-5-4-6-8-10/h4-9,11H,1-3H3",ER aromatic
"InChI=1S/C10H16Si/c1-9(11(2)3)10-7-5-4-6-8-10/h4-9,11H,1-3H3",ER aromatic
"InChI=1S/C10H16Si/c1-9(11(2)3)10-7-5-4-6-8-10/h4-9,11H,1-3H3",ER aromatic
"InChI=1S/C10H16Si/c1-9(11(2)3)10-7-5-4-6-8-10/h4-9,11H,1-3H3",ER aromatic
"InChI=1S/C10H16Si/c1-9(11(2)3)10-7-5-4-6-8-10/h4-9,11H,1-3H3",ER aromatic
"InChI=1S/C10H16Si/c1-9(11(2)3)10-7-5-4-6-8-10/h4-9,11H,1-3H3",ER aromatic
"InChI=1S/C8H8O2/c1-10-8(9)7-5-3-2-4-6-7/h2-6H,1H3",ED aromatic
"InChI=1S/C8H8O2/c1-10-8(9)7-5-3-2-4-6-7/h2-6H,1H3",ED aromatic
"InChI=1S/C8H8O2/c1-10-8(9)7-5-3-2-4-6-7/h2-6H,1H3",ED aromatic
"InChI=1S/C8H8O2/c1-10-8(9)7-5-3-2-4-6-7/h2-6H,1H3",ED aromatic
"InChI=1S/C9H10O3/c1-11-8-5-3-7(4-6-8)9(10)12-2/h3-6H,1-2H3",ED aromatic
"InChI=1S/C9H10O3/c1-11-8-5-3-7(4-6-8)9(10)12-2/h3-6H,1-2H3",ED aromatic
"InChI=1S/C9H10O3/c1-11-8-5-3-7(4-6-8)9(10)12-2/h3-6H,1-2H3",ED aromatic
"InChI=1S/C9H10O3/c1-11-8-5-3-7(4-6-8)9(10)12-2/h3-6H,1-2H3",ED aromatic
"InChI=1S/C9H7F3O2/c1-14-8(13)6-2-4-7(5-3-6)9(10,11)12/h2-5H,1H3",ED aromatic
"InChI=1S/C9H7F3O2/c1-14-8(13)6-2-4-7(5-3-6)9(10,11)12/h2-5H,1H3",ED aromatic
"InChI=1S/C9H7F3O2/c1-14-8(13)6-2-4-7(5-3-6)9(10,11)12/h2-5H,1H3",ED aromatic
"InChI=1S/C10H12O2/c1-2-5-9(6-3-1)10-11-7-4-8-12-10/h1-3,5-6,10H,4,7-8H2",ER aromatic
"InChI=1S/C10H12O2/c1-2-5-9(6-3-1)10-11-7-4-8-12-10/h1-3,5-6,10H,4,7-8H2",ER aromatic
"InChI=1S/C10H12O2/c1-2-5-9(6-3-1)10-11-7-4-8-12-10/h1-3,5-6,10H,4,7-8H2",ER aromatic
"InChI=1S/C10H12O2/c1-2-5-9(6-3-1)10-11-7-4-8-12-10/h1-3,5-6,10H,4,7-8H2",ER aromatic
"InChI=1S/C10H12O2/c1-2-5-9(6-3-1)10-11-7-4-8-12-10/h1-3,5-6,10H,4,7-8H2",ER aromatic
"InChI=1S/C9H10O2/c1-7-4-3-5-8(6-7)9(10)11-2/h3-6H,1-2H3",ED aromatic
"InChI=1S/C9H10O2/c1-7-4-3-5-8(6-7)9(10)11-2/h3-6H,1-2H3",ED aromatic
"InChI=1S/C9H10O2/c1-7-4-3-5-8(6-7)9(10)11-2/h3-6H,1-2H3",ED aromatic
"InChI=1S/C9H10O2/c1-7-4-3-5-8(6-7)9(10)11-2/h3-6H,1-2H3",ED aromatic
"InChI=1S/C9H10O2/c1-7-4-3-5-8(6-7)9(10)11-2/h3-6H,1-2H3",ED aromatic
"InChI=1S/C9H10O2/c1-7-4-3-5-8(6-7)9(10)11-2/h3-6H,1-2H3",ED aromatic
"InChI=1S/C11H14O/c1-11(2,3)10(12)9-7-5-4-6-8-9/h4-8H,1-3H3",ED aromatic
"InChI=1S/C11H14O/c1-11(2,3)10(12)9-7-5-4-6-8-9/h4-8H,1-3H3",ED aromatic
"InChI=1S/C11H14O/c1-11(2,3)10(12)9-7-5-4-6-8-9/h4-8H,1-3H3",ED aromatic
"InChI=1S/C11H14O/c1-11(2,3)10(12)9-7-5-4-6-8-9/h4-8H,1-3H3",ED aromatic
"InChI=1S/C9H12O2/c1-10-8-11-7-9-5-3-2-4-6-9/h2-6H,7-8H2,1H3",ER aromatic
"InChI=1S/C9H12O2/c1-10-8-11-7-9-5-3-2-4-6-9/h2-6H,7-8H2,1H3",ER aromatic
"InChI=1S/C9H12O2/c1-10-8-11-7-9-5-3-2-4-6-9/h2-6H,7-8H2,1H3",ER aromatic
"InChI=1S/C9H12O2/c1-10-8-11-7-9-5-3-2-4-6-9/h2-6H,7-8H2,1H3",ER aromatic
"InChI=1S/C9H12O2/c1-10-8-11-7-9-5-3-2-4-6-9/h2-6H,7-8H2,1H3",ER aromatic
"InChI=1S/C9H12O2/c1-10-8-11-7-9-5-3-2-4-6-9/h2-6H,7-8H2,1H3",ER aromatic
InChI=1S/C4H4S/c1-2-4-5-3-1/h1-4H,thiophene
InChI=1S/C4H4S/c1-2-4-5-3-1/h1-4H,thiophene
InChI=1S/C4H5N/c1-2-4-5-3-1/h1-5H,pyrrole
InChI=1S/C4H5N/c1-2-4-5-3-1/h1-5H,pyrrole
InChI=1S/C8H6S/c1-2-4-8-7(3-1)5-6-9-8/h1-6H,benzothiophene
InChI=1S/C8H6S/c1-2-4-8-7(3-1)5-6-9-8/h1-6H,benzothiophene
InChI=1S/C8H6S/c1-2-4-8-7(3-1)5-6-9-8/h1-6H,benzothiophene
InChI=1S/C8H6S/c1-2-4-8-7(3-1)5-6-9-8/h1-6H,benzothiophene
InChI=1S/C8H6S/c1-2-4-8-7(3-1)5-6-9-8/h1-6H,benzothiophene
InChI=1S/C8H6S/c1-2-4-8-7(3-1)5-6-9-8/h1-6H,benzothiophene
InChI=1S/C8H6O/c1-2-4-8-7(3-1)5-6-9-8/h1-6H,benzofuran
InChI=1S/C8H6O/c1-2-4-8-7(3-1)5-6-9-8/h1-6H,benzofuran
InChI=1S/C8H6O/c1-2-4-8-7(3-1)5-6-9-8/h1-6H,benzofuran
InChI=1S/C8H6O/c1-2-4-8-7(3-1)5-6-9-8/h1-6H,benzofuran
InChI=1S/C8H6O/c1-2-4-8-7(3-1)5-6-9-8/h1-6H,benzofuran
InChI=1S/C8H6O/c1-2-4-8-7(3-1)5-6-9-8/h1-6H,benzofuran
"InChI=1S/C8H7N/c1-2-4-8-7(3-1)5-6-9-8/h1-6,9H",indole
"InChI=1S/C8H7N/c1-2-4-8-7(3-1)5-6-9-8/h1-6,9H",indole
"InChI=1S/C8H7N/c1-2-4-8-7(3-1)5-6-9-8/h1-6,9H",indole
"InChI=1S/C8H7N/c1-2-4-8-7(3-1)5-6-9-8/h1-6,9H",indole
"InChI=1S/C8H7N/c1-2-4-8-7(3-1)5-6-9-8/h1-6,9H",indole
"InChI=1S/C8H7N/c1-2-4-8-7(3-1)5-6-9-8/h1-6,9H",indole
InChI=1S/C9H7N/c1-2-6-9-8(4-1)5-3-7-10-9/h1-7H,quinoline
InChI=1S/C9H7N/c1-2-6-9-8(4-1)5-3-7-10-9/h1-7H,quinoline
InChI=1S/C9H7N/c1-2-6-9-8(4-1)5-3-7-10-9/h1-7H,quinoline
InChI=1S/C9H7N/c1-2-6-9-8(4-1)5-3-7-10-9/h1-7H,quinoline
InChI=1S/C9H7N/c1-2-6-9-8(4-1)5-3-7-10-9/h1-7H,quinoline
InChI=1S/C9H7N/c1-2-6-9-8(4-1)5-3-7-10-9/h1-7H,quinoline
InChI=1S/C9H7N/c1-2-6-9-8(4-1)5-3-7-10-9/h1-7H,quinoline
"InChI=1S/C5H6S/c1-5-3-2-4-6-5/h2-4H,1H3",thiophene
"InChI=1S/C5H6S/c1-5-3-2-4-6-5/h2-4H,1H3",thiophene
"InChI=1S/C5H6S/c1-5-3-2-4-6-5/h2-4H,1H3",thiophene
"InChI=1S/C5H6S/c1-5-3-2-4-6-5/h2-4H,1H3",thiophene
InChI=1S/C4H3BrS/c5-4-2-1-3-6-4/h1-3H,thiophene
InChI=1S/C4H3BrS/c5-4-2-1-3-6-4/h1-3H,thiophene
InChI=1S/C4H3BrS/c5-4-2-1-3-6-4/h1-3H,thiophene
InChI=1S/C5H3NS/c6-4-5-2-1-3-7-5/h1-3H,thiophene
InChI=1S/C5H3NS/c6-4-5-2-1-3-7-5/h1-3H,thiophene
InChI=1S/C5H3NS/c6-4-5-2-1-3-7-5/h1-3H,thiophene
"InChI=1S/C5H6O/c1-5-3-2-4-6-5/h2-4H,1H3",furan
"InChI=1S/C5H6O/c1-5-3-2-4-6-5/h2-4H,1H3",furan
"InChI=1S/C5H6O/c1-5-3-2-4-6-5/h2-4H,1H3",furan
"InChI=1S/C5H6O/c1-5-3-2-4-6-5/h2-4H,1H3",furan
"InChI=1S/C5H6O2/c1-6-5-3-2-4-7-5/h2-4H,1H3",furan
"InChI=1S/C5H6O2/c1-6-5-3-2-4-7-5/h2-4H,1H3",furan
"InChI=1S/C5H6O2/c1-6-5-3-2-4-7-5/h2-4H,1H3",furan
"InChI=1S/C5H6O2/c1-6-5-3-2-4-7-5/h2-4H,1H3",furan
"InChI=1S/C5H7N/c1-5-3-2-4-6-5/h2-4,6H,1H3",pyrrole
"InChI=1S/C5H7N/c1-5-3-2-4-6-5/h2-4,6H,1H3",pyrrole
"InChI=1S/C5H7N/c1-5-3-2-4-6-5/h2-4,6H,1H3",pyrrole
"InChI=1S/C5H7N/c1-5-3-2-4-6-5/h2-4,6H,1H3",pyrrole
"InChI=1S/C6H7NO2/c1-9-6(8)5-3-2-4-7-5/h2-4,7H,1H3",pyrrole
"InChI=1S/C6H7NO2/c1-9-6(8)5-3-2-4-7-5/h2-4,7H,1H3",pyrrole
"InChI=1S/C6H7NO2/c1-9-6(8)5-3-2-4-7-5/h2-4,7H,1H3",pyrrole
"InChI=1S/C6H7NO2/c1-9-6(8)5-3-2-4-7-5/h2-4,7H,1H3",pyrrole
"InChI=1S/C9H9N/c1-7-6-8-4-2-3-5-9(8)10-7/h2-6,10H,1H3",indole
"InChI=1S/C9H9N/c1-7-6-8-4-2-3-5-9(8)10-7/h2-6,10H,1H3",indole
"InChI=1S/C9H9N/c1-7-6-8-4-2-3-5-9(8)10-7/h2-6,10H,1H3",indole
"InChI=1S/C9H9N/c1-7-6-8-4-2-3-5-9(8)10-7/h2-6,10H,1H3",indole
"InChI=1S/C9H9N/c1-7-6-8-4-2-3-5-9(8)10-7/h2-6,10H,1H3",indole
"InChI=1S/C9H9N/c1-7-6-8-4-2-3-5-9(8)10-7/h2-6,10H,1H3",indole
"InChI=1S/C9H8ClN/c1-6-4-7-5-8(10)2-3-9(7)11-6/h2-5,11H,1H3",indole
"InChI=1S/C9H8ClN/c1-6-4-7-5-8(10)2-3-9(7)11-6/h2-5,11H,1H3",indole
"InChI=1S/C9H8ClN/c1-6-4-7-5-8(10)2-3-9(7)11-6/h2-5,11H,1H3",indole
"InChI=1S/C9H8ClN/c1-6-4-7-5-8(10)2-3-9(7)11-6/h2-5,11H,1H3",indole
"InChI=1S/C9H8ClN/c1-6-4-7-5-8(10)2-3-9(7)11-6/h2-5,11H,1H3",indole
"InChI=1S/C10H11NO/c1-7-5-8-6-9(12-2)3-4-10(8)11-7/h3-6,11H,1-2H3",indole
"InChI=1S/C10H11NO/c1-7-5-8-6-9(12-2)3-4-10(8)11-7/h3-6,11H,1-2H3",indole
"InChI=1S/C10H11NO/c1-7-5-8-6-9(12-2)3-4-10(8)11-7/h3-6,11H,1-2H3",indole
"InChI=1S/C10H11NO/c1-7-5-8-6-9(12-2)3-4-10(8)11-7/h3-6,11H,1-2H3",indole
"InChI=1S/C10H11NO/c1-7-5-8-6-9(12-2)3-4-10(8)11-7/h3-6,11H,1-2H3",indole
"InChI=1S/C10H11NO/c1-7-5-8-6-9(12-2)3-4-10(8)11-7/h3-6,11H,1-2H3",indole
"InChI=1S/C11H11NO2/c1-2-14-11(13)10-7-8-5-3-4-6-9(8)12-10/h3-7,12H,2H2,1H3",indole
"InChI=1S/C11H11NO2/c1-2-14-11(13)10-7-8-5-3-4-6-9(8)12-10/h3-7,12H,2H2,1H3",indole
"InChI=1S/C11H11NO2/c1-2-14-11(13)10-7-8-5-3-4-6-9(8)12-10/h3-7,12H,2H2,1H3",indole
"InChI=1S/C11H11NO2/c1-2-14-11(13)10-7-8-5-3-4-6-9(8)12-10/h3-7,12H,2H2,1H3",indole
"InChI=1S/C11H11NO2/c1-2-14-11(13)10-7-8-5-3-4-6-9(8)12-10/h3-7,12H,2H2,1H3",indole
"InChI=1S/C11H11NO2/c1-2-14-11(13)10-7-8-5-3-4-6-9(8)12-10/h3-7,12H,2H2,1H3",indole
"InChI=1S/C11H11NO2/c1-2-14-11(13)10-7-8-5-3-4-6-9(8)12-10/h3-7,12H,2H2,1H3",indole
"InChI=1S/C11H10ClNO2/c1-2-15-11(14)10-6-7-5-8(12)3-4-9(7)13-10/h3-6,13H,2H2,1H3",indole
"InChI=1S/C11H10ClNO2/c1-2-15-11(14)10-6-7-5-8(12)3-4-9(7)13-10/h3-6,13H,2H2,1H3",indole
"InChI=1S/C11H10ClNO2/c1-2-15-11(14)10-6-7-5-8(12)3-4-9(7)13-10/h3-6,13H,2H2,1H3",indole
"InChI=1S/C11H10ClNO2/c1-2-15-11(14)10-6-7-5-8(12)3-4-9(7)13-10/h3-6,13H,2H2,1H3",indole
"InChI=1S/C11H10ClNO2/c1-2-15-11(14)10-6-7-5-8(12)3-4-9(7)13-10/h3-6,13H,2H2,1H3",indole
"InChI=1S/C11H10ClNO2/c1-2-15-11(14)10-6-7-5-8(12)3-4-9(7)13-10/h3-6,13H,2H2,1H3",indole
"InChI=1S/C12H13NO3/c1-3-16-12(14)11-7-8-6-9(15-2)4-5-10(8)13-11/h4-7,13H,3H2,1-2H3",indole
"InChI=1S/C12H13NO3/c1-3-16-12(14)11-7-8-6-9(15-2)4-5-10(8)13-11/h4-7,13H,3H2,1-2H3",indole
"InChI=1S/C12H13NO3/c1-3-16-12(14)11-7-8-6-9(15-2)4-5-10(8)13-11/h4-7,13H,3H2,1-2H3",indole
"InChI=1S/C12H13NO3/c1-3-16-12(14)11-7-8-6-9(15-2)4-5-10(8)13-11/h4-7,13H,3H2,1-2H3",indole
"InChI=1S/C12H13NO3/c1-3-16-12(14)11-7-8-6-9(15-2)4-5-10(8)13-11/h4-7,13H,3H2,1-2H3",indole
"InChI=1S/C12H13NO3/c1-3-16-12(14)11-7-8-6-9(15-2)4-5-10(8)13-11/h4-7,13H,3H2,1-2H3",indole
"InChI=1S/C12H13NO3/c1-3-16-12(14)11-7-8-6-9(15-2)4-5-10(8)13-11/h4-7,13H,3H2,1-2H3",indole
"InChI=1S/C12H13NO2/c1-3-15-12(14)11-8(2)13-10-7-5-4-6-9(10)11/h4-7,13H,3H2,1-2H3",indole
"InChI=1S/C12H13NO2/c1-3-15-12(14)11-8(2)13-10-7-5-4-6-9(10)11/h4-7,13H,3H2,1-2H3",indole
"InChI=1S/C12H13NO2/c1-3-15-12(14)11-8(2)13-10-7-5-4-6-9(10)11/h4-7,13H,3H2,1-2H3",indole
"InChI=1S/C12H13NO2/c1-3-15-12(14)11-8(2)13-10-7-5-4-6-9(10)11/h4-7,13H,3H2,1-2H3",indole
"InChI=1S/C12H13NO2/c1-3-15-12(14)11-8(2)13-10-7-5-4-6-9(10)11/h4-7,13H,3H2,1-2H3",indole
"InChI=1S/C12H13NO2/c1-3-15-12(14)11-8(2)13-10-7-5-4-6-9(10)11/h4-7,13H,3H2,1-2H3",indole
"InChI=1S/C12H13NO2/c1-3-15-12(14)11-8(2)13-10-7-5-4-6-9(10)11/h4-7,13H,3H2,1-2H3",indole
"InChI=1S/C11H11NO3/c1-14-10-5-3-4-8-7(10)6-9(12-8)11(13)15-2/h3-6,12H,1-2H3",indole
"InChI=1S/C11H11NO3/c1-14-10-5-3-4-8-7(10)6-9(12-8)11(13)15-2/h3-6,12H,1-2H3",indole
"InChI=1S/C11H11NO3/c1-14-10-5-3-4-8-7(10)6-9(12-8)11(13)15-2/h3-6,12H,1-2H3",indole
"InChI=1S/C11H11NO3/c1-14-10-5-3-4-8-7(10)6-9(12-8)11(13)15-2/h3-6,12H,1-2H3",indole
"InChI=1S/C11H11NO3/c1-14-10-5-3-4-8-7(10)6-9(12-8)11(13)15-2/h3-6,12H,1-2H3",indole
"InChI=1S/C11H11NO3/c1-14-10-5-3-4-8-7(10)6-9(12-8)11(13)15-2/h3-6,12H,1-2H3",indole
"InChI=1S/C13H16N2O/c1-3-15(4-2)13(16)12-9-10-7-5-6-8-11(10)14-12/h5-9,14H,3-4H2,1-2H3",indole
"InChI=1S/C13H16N2O/c1-3-15(4-2)13(16)12-9-10-7-5-6-8-11(10)14-12/h5-9,14H,3-4H2,1-2H3",indole
"InChI=1S/C13H16N2O/c1-3-15(4-2)13(16)12-9-10-7-5-6-8-11(10)14-12/h5-9,14H,3-4H2,1-2H3",indole
"InChI=1S/C13H16N2O/c1-3-15(4-2)13(16)12-9-10-7-5-6-8-11(10)14-12/h5-9,14H,3-4H2,1-2H3",indole
"InChI=1S/C13H16N2O/c1-3-15(4-2)13(16)12-9-10-7-5-6-8-11(10)14-12/h5-9,14H,3-4H2,1-2H3",indole
"InChI=1S/C13H16N2O/c1-3-15(4-2)13(16)12-9-10-7-5-6-8-11(10)14-12/h5-9,14H,3-4H2,1-2H3",indole
"InChI=1S/C13H16N2O/c1-3-15(4-2)13(16)12-9-10-7-5-6-8-11(10)14-12/h5-9,14H,3-4H2,1-2H3",indole
"InChI=1S/C11H11N/c1-2-6-10-8(4-1)9-5-3-7-11(9)12-10/h1-2,4,6,12H,3,5,7H2",indole
"InChI=1S/C11H11N/c1-2-6-10-8(4-1)9-5-3-7-11(9)12-10/h1-2,4,6,12H,3,5,7H2",indole
"InChI=1S/C11H11N/c1-2-6-10-8(4-1)9-5-3-7-11(9)12-10/h1-2,4,6,12H,3,5,7H2",indole
"InChI=1S/C11H11N/c1-2-6-10-8(4-1)9-5-3-7-11(9)12-10/h1-2,4,6,12H,3,5,7H2",indole
"InChI=1S/C11H11N/c1-2-6-10-8(4-1)9-5-3-7-11(9)12-10/h1-2,4,6,12H,3,5,7H2",indole
"InChI=1S/C11H11N/c1-2-6-10-8(4-1)9-5-3-7-11(9)12-10/h1-2,4,6,12H,3,5,7H2",indole
"InChI=1S/C11H11N/c1-2-6-10-8(4-1)9-5-3-7-11(9)12-10/h1-2,4,6,12H,3,5,7H2",indole
"InChI=1S/C11H15NSi/c1-13(2,3)11-8-9-6-4-5-7-10(9)12-11/h4-8,12H,1-3H3",indole
"InChI=1S/C11H15NSi/c1-13(2,3)11-8-9-6-4-5-7-10(9)12-11/h4-8,12H,1-3H3",indole
"InChI=1S/C11H15NSi/c1-13(2,3)11-8-9-6-4-5-7-10(9)12-11/h4-8,12H,1-3H3",indole
"InChI=1S/C11H15NSi/c1-13(2,3)11-8-9-6-4-5-7-10(9)12-11/h4-8,12H,1-3H3",indole
"InChI=1S/C11H15NSi/c1-13(2,3)11-8-9-6-4-5-7-10(9)12-11/h4-8,12H,1-3H3",indole
"InChI=1S/C11H15NSi/c1-13(2,3)11-8-9-6-4-5-7-10(9)12-11/h4-8,12H,1-3H3",indole
"InChI=1S/C14H11N/c1-2-6-11(7-3-1)14-10-12-8-4-5-9-13(12)15-14/h1-10,15H",indole
"InChI=1S/C14H11N/c1-2-6-11(7-3-1)14-10-12-8-4-5-9-13(12)15-14/h1-10,15H",indole
"InChI=1S/C14H11N/c1-2-6-11(7-3-1)14-10-12-8-4-5-9-13(12)15-14/h1-10,15H",indole
"InChI=1S/C14H11N/c1-2-6-11(7-3-1)14-10-12-8-4-5-9-13(12)15-14/h1-10,15H",indole
"InChI=1S/C14H11N/c1-2-6-11(7-3-1)14-10-12-8-4-5-9-13(12)15-14/h1-10,15H",indole
"InChI=1S/C14H11N/c1-2-6-11(7-3-1)14-10-12-8-4-5-9-13(12)15-14/h1-10,15H",indole
"InChI=1S/C14H11N/c1-2-6-11(7-3-1)14-10-12-8-4-5-9-13(12)15-14/h1-10,15H",indole
"InChI=1S/C14H11N/c1-2-6-11(7-3-1)14-10-12-8-4-5-9-13(12)15-14/h1-10,15H",indole
"InChI=1S/C7H7Cl/c1-6-3-2-4-7(8)5-6/h2-5H,1H3",ED aromatic
"InChI=1S/C7H7Cl/c1-6-3-2-4-7(8)5-6/h2-5H,1H3",ED aromatic
"InChI=1S/C7H7Cl/c1-6-3-2-4-7(8)5-6/h2-5H,1H3",ED aromatic
"InChI=1S/C7H7Cl/c1-6-3-2-4-7(8)5-6/h2-5H,1H3",ED aromatic
"InChI=1S/C7H7Cl/c1-6-3-2-4-7(8)5-6/h2-5H,1H3",ED aromatic
"InChI=1S/C7H7Br/c1-6-3-2-4-7(8)5-6/h2-5H,1H3",ED aromatic
"InChI=1S/C7H7Br/c1-6-3-2-4-7(8)5-6/h2-5H,1H3",ED aromatic
"InChI=1S/C7H7Br/c1-6-3-2-4-7(8)5-6/h2-5H,1H3",ED aromatic
"InChI=1S/C7H7Br/c1-6-3-2-4-7(8)5-6/h2-5H,1H3",ED aromatic
"InChI=1S/C7H7Br/c1-6-3-2-4-7(8)5-6/h2-5H,1H3",ED aromatic
"InChI=1S/C7H4ClF3/c8-6-3-1-2-5(4-6)7(9,10)11/h1-4H",ED aromatic
"InChI=1S/C7H4ClF3/c8-6-3-1-2-5(4-6)7(9,10)11/h1-4H",ED aromatic
"InChI=1S/C7H4ClF3/c8-6-3-1-2-5(4-6)7(9,10)11/h1-4H",ED aromatic
"InChI=1S/C7H4ClF3/c8-6-3-1-2-5(4-6)7(9,10)11/h1-4H",ED aromatic
"InChI=1S/C8H10ClN/c1-10(2)8-5-3-4-7(9)6-8/h3-6H,1-2H3",ED aromatic
"InChI=1S/C8H10ClN/c1-10(2)8-5-3-4-7(9)6-8/h3-6H,1-2H3",ED aromatic
"InChI=1S/C8H10ClN/c1-10(2)8-5-3-4-7(9)6-8/h3-6H,1-2H3",ED aromatic
"InChI=1S/C8H10ClN/c1-10(2)8-5-3-4-7(9)6-8/h3-6H,1-2H3",ED aromatic
"InChI=1S/C8H10ClN/c1-10(2)8-5-3-4-7(9)6-8/h3-6H,1-2H3",ED aromatic
"InChI=1S/C11H22O2/c1-5-6-7-11(4)12-8-10(2,3)9-13-11/h5-9H2,1-4H3",aliphatic- oxygen
"InChI=1S/C11H22O2/c1-5-6-7-11(4)12-8-10(2,3)9-13-11/h5-9H2,1-4H3",aliphatic- oxygen
"InChI=1S/C11H22O2/c1-5-6-7-11(4)12-8-10(2,3)9-13-11/h5-9H2,1-4H3",aliphatic- oxygen
"InChI=1S/C11H22O2/c1-5-6-7-11(4)12-8-10(2,3)9-13-11/h5-9H2,1-4H3",aliphatic- oxygen
"InChI=1S/C11H22O2/c1-5-6-7-11(4)12-8-10(2,3)9-13-11/h5-9H2,1-4H3",aliphatic- oxygen
"InChI=1S/C11H22O2/c1-5-6-7-11(4)12-8-10(2,3)9-13-11/h5-9H2,1-4H3",aliphatic- oxygen
"InChI=1S/C11H22O2/c1-5-6-7-11(4)12-8-10(2,3)9-13-11/h5-9H2,1-4H3",aliphatic- oxygen
"InChI=1S/C13H27NO2/c1-6-8-10-14(11-9-7-2)12(15)16-13(3,4)5/h6-11H2,1-5H3",aliphatic- nitrogen
"InChI=1S/C13H27NO2/c1-6-8-10-14(11-9-7-2)12(15)16-13(3,4)5/h6-11H2,1-5H3",aliphatic- nitrogen
"InChI=1S/C13H27NO2/c1-6-8-10-14(11-9-7-2)12(15)16-13(3,4)5/h6-11H2,1-5H3",aliphatic- nitrogen
"InChI=1S/C13H27NO2/c1-6-8-10-14(11-9-7-2)12(15)16-13(3,4)5/h6-11H2,1-5H3",aliphatic- nitrogen
"InChI=1S/C13H27NO2/c1-6-8-10-14(11-9-7-2)12(15)16-13(3,4)5/h6-11H2,1-5H3",aliphatic- nitrogen
"InChI=1S/C10H21N/c1-2-3-5-8-11-9-6-4-7-10-11/h2-10H2,1H3",aliphatic- nitrogen
"InChI=1S/C10H21N/c1-2-3-5-8-11-9-6-4-7-10-11/h2-10H2,1H3",aliphatic- nitrogen
"InChI=1S/C10H21N/c1-2-3-5-8-11-9-6-4-7-10-11/h2-10H2,1H3",aliphatic- nitrogen
"InChI=1S/C10H21N/c1-2-3-5-8-11-9-6-4-7-10-11/h2-10H2,1H3",aliphatic- nitrogen
"InChI=1S/C10H21N/c1-2-3-5-8-11-9-6-4-7-10-11/h2-10H2,1H3",aliphatic- nitrogen
"InChI=1S/C10H21N/c1-2-3-5-8-11-9-6-4-7-10-11/h2-10H2,1H3",aliphatic- nitrogen
"InChI=1S/C10H21N/c1-2-3-5-8-11-9-6-4-7-10-11/h2-10H2,1H3",aliphatic- nitrogen
"InChI=1S/C10H21N/c1-2-3-5-8-11-9-6-4-7-10-11/h2-10H2,1H3",aliphatic- nitrogen
"InChI=1S/C14H28O2/c1-4-5-6-7-8-9-10-13-15-11-14(2,3)12-16-13/h13H,4-12H2,1-3H3",aliphatic- oxygen
"InChI=1S/C14H28O2/c1-4-5-6-7-8-9-10-13-15-11-14(2,3)12-16-13/h13H,4-12H2,1-3H3",aliphatic- oxygen
"InChI=1S/C14H28O2/c1-4-5-6-7-8-9-10-13-15-11-14(2,3)12-16-13/h13H,4-12H2,1-3H3",aliphatic- oxygen
"InChI=1S/C14H28O2/c1-4-5-6-7-8-9-10-13-15-11-14(2,3)12-16-13/h13H,4-12H2,1-3H3",aliphatic- oxygen
"InChI=1S/C14H28O2/c1-4-5-6-7-8-9-10-13-15-11-14(2,3)12-16-13/h13H,4-12H2,1-3H3",aliphatic- oxygen
"InChI=1S/C14H28O2/c1-4-5-6-7-8-9-10-13-15-11-14(2,3)12-16-13/h13H,4-12H2,1-3H3",aliphatic- oxygen
"InChI=1S/C14H28O2/c1-4-5-6-7-8-9-10-13-15-11-14(2,3)12-16-13/h13H,4-12H2,1-3H3",aliphatic- oxygen
"InChI=1S/C14H28O2/c1-4-5-6-7-8-9-10-13-15-11-14(2,3)12-16-13/h13H,4-12H2,1-3H3",aliphatic- oxygen
"InChI=1S/C14H28O2/c1-4-5-6-7-8-9-10-13-15-11-14(2,3)12-16-13/h13H,4-12H2,1-3H3",aliphatic- oxygen
"InChI=1S/C14H28O2/c1-4-5-6-7-8-9-10-13-15-11-14(2,3)12-16-13/h13H,4-12H2,1-3H3",aliphatic- oxygen
"InChI=1S/C14H28O2/c1-4-5-6-7-8-9-10-13-15-11-14(2,3)12-16-13/h13H,4-12H2,1-3H3",aliphatic- oxygen
"InChI=1S/C5H10O2/c6-4-5-2-1-3-7-5/h5-6H,1-4H2",aliphatic- oxygen
"InChI=1S/C5H10O2/c6-4-5-2-1-3-7-5/h5-6H,1-4H2",aliphatic- oxygen
"InChI=1S/C5H10O2/c6-4-5-2-1-3-7-5/h5-6H,1-4H2",aliphatic- oxygen
"InChI=1S/C5H10O2/c6-4-5-2-1-3-7-5/h5-6H,1-4H2",aliphatic- oxygen
"InChI=1S/C10H16F3NO2/c1-9(2,3)16-8(15)14-6-4-5-7(14)10(11,12)13/h7H,4-6H2,1-3H3",aliphatic- nitrogen
"InChI=1S/C10H16F3NO2/c1-9(2,3)16-8(15)14-6-4-5-7(14)10(11,12)13/h7H,4-6H2,1-3H3",aliphatic- nitrogen
"InChI=1S/C10H16F3NO2/c1-9(2,3)16-8(15)14-6-4-5-7(14)10(11,12)13/h7H,4-6H2,1-3H3",aliphatic- nitrogen
"InChI=1S/C10H16F3NO2/c1-9(2,3)16-8(15)14-6-4-5-7(14)10(11,12)13/h7H,4-6H2,1-3H3",aliphatic- nitrogen
"InChI=1S/C10H16F3NO2/c1-9(2,3)16-8(15)14-6-4-5-7(14)10(11,12)13/h7H,4-6H2,1-3H3",aliphatic- nitrogen
"InChI=1S/C12H14Si/c1-13(2)12-9-5-7-10-6-3-4-8-11(10)12/h3-9,13H,1-2H3",ER aromatic
"InChI=1S/C12H14Si/c1-13(2)12-9-5-7-10-6-3-4-8-11(10)12/h3-9,13H,1-2H3",ER aromatic
"InChI=1S/C12H14Si/c1-13(2)12-9-5-7-10-6-3-4-8-11(10)12/h3-9,13H,1-2H3",ER aromatic
"InChI=1S/C12H14Si/c1-13(2)12-9-5-7-10-6-3-4-8-11(10)12/h3-9,13H,1-2H3",ER aromatic
"InChI=1S/C12H14Si/c1-13(2)12-9-5-7-10-6-3-4-8-11(10)12/h3-9,13H,1-2H3",ER aromatic
"InChI=1S/C12H14Si/c1-13(2)12-9-5-7-10-6-3-4-8-11(10)12/h3-9,13H,1-2H3",ER aromatic
"InChI=1S/C12H14Si/c1-13(2)12-9-5-7-10-6-3-4-8-11(10)12/h3-9,13H,1-2H3",ER aromatic
"InChI=1S/C12H14Si/c1-13(2)12-9-5-7-10-6-3-4-8-11(10)12/h3-9,13H,1-2H3",ER aromatic
"InChI=1S/C12H13FSi/c1-14(2)12-8-7-11(13)9-5-3-4-6-10(9)12/h3-8,14H,1-2H3",ER aromatic
"InChI=1S/C12H13FSi/c1-14(2)12-8-7-11(13)9-5-3-4-6-10(9)12/h3-8,14H,1-2H3",ER aromatic
"InChI=1S/C12H13FSi/c1-14(2)12-8-7-11(13)9-5-3-4-6-10(9)12/h3-8,14H,1-2H3",ER aromatic
"InChI=1S/C12H13FSi/c1-14(2)12-8-7-11(13)9-5-3-4-6-10(9)12/h3-8,14H,1-2H3",ER aromatic
"InChI=1S/C12H13FSi/c1-14(2)12-8-7-11(13)9-5-3-4-6-10(9)12/h3-8,14H,1-2H3",ER aromatic
"InChI=1S/C12H13FSi/c1-14(2)12-8-7-11(13)9-5-3-4-6-10(9)12/h3-8,14H,1-2H3",ER aromatic
"InChI=1S/C12H13FSi/c1-14(2)12-8-7-11(13)9-5-3-4-6-10(9)12/h3-8,14H,1-2H3",ER aromatic
"InChI=1S/C13H16Si/c1-10-8-9-13(14(2)3)12-7-5-4-6-11(10)12/h4-9,14H,1-3H3",ER aromatic
"InChI=1S/C13H16Si/c1-10-8-9-13(14(2)3)12-7-5-4-6-11(10)12/h4-9,14H,1-3H3",ER aromatic
"InChI=1S/C13H16Si/c1-10-8-9-13(14(2)3)12-7-5-4-6-11(10)12/h4-9,14H,1-3H3",ER aromatic
"InChI=1S/C13H16Si/c1-10-8-9-13(14(2)3)12-7-5-4-6-11(10)12/h4-9,14H,1-3H3",ER aromatic
"InChI=1S/C13H16Si/c1-10-8-9-13(14(2)3)12-7-5-4-6-11(10)12/h4-9,14H,1-3H3",ER aromatic
"InChI=1S/C13H16Si/c1-10-8-9-13(14(2)3)12-7-5-4-6-11(10)12/h4-9,14H,1-3H3",ER aromatic
"InChI=1S/C13H16Si/c1-10-8-9-13(14(2)3)12-7-5-4-6-11(10)12/h4-9,14H,1-3H3",ER aromatic
"InChI=1S/C13H16Si/c1-10-8-9-13(14(2)3)12-7-5-4-6-11(10)12/h4-9,14H,1-3H3",ER aromatic
"InChI=1S/C13H16O3SSi/c1-17(14,15)16-12-8-9-13(18(2)3)11-7-5-4-6-10(11)12/h4-9,18H,1-3H3",ER aromatic
"InChI=1S/C13H16O3SSi/c1-17(14,15)16-12-8-9-13(18(2)3)11-7-5-4-6-10(11)12/h4-9,18H,1-3H3",ER aromatic
"InChI=1S/C13H16O3SSi/c1-17(14,15)16-12-8-9-13(18(2)3)11-7-5-4-6-10(11)12/h4-9,18H,1-3H3",ER aromatic
"InChI=1S/C13H16O3SSi/c1-17(14,15)16-12-8-9-13(18(2)3)11-7-5-4-6-10(11)12/h4-9,18H,1-3H3",ER aromatic
"InChI=1S/C13H16O3SSi/c1-17(14,15)16-12-8-9-13(18(2)3)11-7-5-4-6-10(11)12/h4-9,18H,1-3H3",ER aromatic
"InChI=1S/C13H16O3SSi/c1-17(14,15)16-12-8-9-13(18(2)3)11-7-5-4-6-10(11)12/h4-9,18H,1-3H3",ER aromatic
"InChI=1S/C13H16O3SSi/c1-17(14,15)16-12-8-9-13(18(2)3)11-7-5-4-6-10(11)12/h4-9,18H,1-3H3",ER aromatic
"InChI=1S/C13H16O3SSi/c1-17(14,15)16-12-8-9-13(18(2)3)11-7-5-4-6-10(11)12/h4-9,18H,1-3H3",ER aromatic
"InChI=1S/C14H18O2Si/c1-15-10-16-13-8-9-14(17(2)3)12-7-5-4-6-11(12)13/h4-9,17H,10H2,1-3H3",ER aromatic
"InChI=1S/C14H18O2Si/c1-15-10-16-13-8-9-14(17(2)3)12-7-5-4-6-11(12)13/h4-9,17H,10H2,1-3H3",ER aromatic
"InChI=1S/C14H18O2Si/c1-15-10-16-13-8-9-14(17(2)3)12-7-5-4-6-11(12)13/h4-9,17H,10H2,1-3H3",ER aromatic
"InChI=1S/C14H18O2Si/c1-15-10-16-13-8-9-14(17(2)3)12-7-5-4-6-11(12)13/h4-9,17H,10H2,1-3H3",ER aromatic
"InChI=1S/C14H18O2Si/c1-15-10-16-13-8-9-14(17(2)3)12-7-5-4-6-11(12)13/h4-9,17H,10H2,1-3H3",ER aromatic
"InChI=1S/C14H18O2Si/c1-15-10-16-13-8-9-14(17(2)3)12-7-5-4-6-11(12)13/h4-9,17H,10H2,1-3H3",ER aromatic
"InChI=1S/C14H18O2Si/c1-15-10-16-13-8-9-14(17(2)3)12-7-5-4-6-11(12)13/h4-9,17H,10H2,1-3H3",ER aromatic
"InChI=1S/C14H18O2Si/c1-15-10-16-13-8-9-14(17(2)3)12-7-5-4-6-11(12)13/h4-9,17H,10H2,1-3H3",ER aromatic
"InChI=1S/C14H18O2Si/c1-15-10-16-13-8-9-14(17(2)3)12-7-5-4-6-11(12)13/h4-9,17H,10H2,1-3H3",ER aromatic
"InChI=1S/C12H13BrSi/c1-14(2)12-8-4-5-9-10(12)6-3-7-11(9)13/h3-8,14H,1-2H3",ED aromatic
"InChI=1S/C12H13BrSi/c1-14(2)12-8-4-5-9-10(12)6-3-7-11(9)13/h3-8,14H,1-2H3",ED aromatic
"InChI=1S/C12H13BrSi/c1-14(2)12-8-4-5-9-10(12)6-3-7-11(9)13/h3-8,14H,1-2H3",ED aromatic
"InChI=1S/C12H13BrSi/c1-14(2)12-8-4-5-9-10(12)6-3-7-11(9)13/h3-8,14H,1-2H3",ED aromatic
"InChI=1S/C12H13BrSi/c1-14(2)12-8-4-5-9-10(12)6-3-7-11(9)13/h3-8,14H,1-2H3",ED aromatic
"InChI=1S/C12H13BrSi/c1-14(2)12-8-4-5-9-10(12)6-3-7-11(9)13/h3-8,14H,1-2H3",ED aromatic
"InChI=1S/C12H13BrSi/c1-14(2)12-8-4-5-9-10(12)6-3-7-11(9)13/h3-8,14H,1-2H3",ED aromatic
"InChI=1S/C14H19NSi/c1-15(2)13-9-5-8-12-11(13)7-6-10-14(12)16(3)4/h5-10,16H,1-4H3",ER aromatic
"InChI=1S/C14H19NSi/c1-15(2)13-9-5-8-12-11(13)7-6-10-14(12)16(3)4/h5-10,16H,1-4H3",ER aromatic
"InChI=1S/C14H19NSi/c1-15(2)13-9-5-8-12-11(13)7-6-10-14(12)16(3)4/h5-10,16H,1-4H3",ER aromatic
"InChI=1S/C14H19NSi/c1-15(2)13-9-5-8-12-11(13)7-6-10-14(12)16(3)4/h5-10,16H,1-4H3",ER aromatic
"InChI=1S/C14H19NSi/c1-15(2)13-9-5-8-12-11(13)7-6-10-14(12)16(3)4/h5-10,16H,1-4H3",ER aromatic
"InChI=1S/C14H19NSi/c1-15(2)13-9-5-8-12-11(13)7-6-10-14(12)16(3)4/h5-10,16H,1-4H3",ER aromatic
"InChI=1S/C14H19NSi/c1-15(2)13-9-5-8-12-11(13)7-6-10-14(12)16(3)4/h5-10,16H,1-4H3",ER aromatic
"InChI=1S/C14H19NSi/c1-15(2)13-9-5-8-12-11(13)7-6-10-14(12)16(3)4/h5-10,16H,1-4H3",ER aromatic
"InChI=1S/C8H7NO/c1-6-9-7-4-2-3-5-8(7)10-6/h2-5H,1H3",benzooxazole
"InChI=1S/C8H7NO/c1-6-9-7-4-2-3-5-8(7)10-6/h2-5H,1H3",benzooxazole
"InChI=1S/C8H7NO/c1-6-9-7-4-2-3-5-8(7)10-6/h2-5H,1H3",benzooxazole
"InChI=1S/C8H7NO/c1-6-9-7-4-2-3-5-8(7)10-6/h2-5H,1H3",benzooxazole
"InChI=1S/C8H7NO/c1-6-9-7-4-2-3-5-8(7)10-6/h2-5H,1H3",benzooxazole
"InChI=1S/C9H9NO/c1-6-4-3-5-8-9(6)10-7(2)11-8/h3-5H,1-2H3",benzooxazole
"InChI=1S/C9H9NO/c1-6-4-3-5-8-9(6)10-7(2)11-8/h3-5H,1-2H3",benzooxazole
"InChI=1S/C9H9NO/c1-6-4-3-5-8-9(6)10-7(2)11-8/h3-5H,1-2H3",benzooxazole
"InChI=1S/C9H9NO/c1-6-4-3-5-8-9(6)10-7(2)11-8/h3-5H,1-2H3",benzooxazole
"InChI=1S/C9H9NO/c1-6-4-3-5-8-9(6)10-7(2)11-8/h3-5H,1-2H3",benzooxazole
"InChI=1S/C8H6BrNO/c1-5-10-7-4-6(9)2-3-8(7)11-5/h2-4H,1H3",benzooxazole
"InChI=1S/C8H6BrNO/c1-5-10-7-4-6(9)2-3-8(7)11-5/h2-4H,1H3",benzooxazole
"InChI=1S/C8H6BrNO/c1-5-10-7-4-6(9)2-3-8(7)11-5/h2-4H,1H3",benzooxazole
"InChI=1S/C8H6BrNO/c1-5-10-7-4-6(9)2-3-8(7)11-5/h2-4H,1H3",benzooxazole
"InChI=1S/C9H9NO2/c1-6-10-8-5-7(11-2)3-4-9(8)12-6/h3-5H,1-2H3",benzooxazole
"InChI=1S/C9H9NO2/c1-6-10-8-5-7(11-2)3-4-9(8)12-6/h3-5H,1-2H3",benzooxazole
"InChI=1S/C9H9NO2/c1-6-10-8-5-7(11-2)3-4-9(8)12-6/h3-5H,1-2H3",benzooxazole
"InChI=1S/C9H9NO2/c1-6-10-8-5-7(11-2)3-4-9(8)12-6/h3-5H,1-2H3",benzooxazole
"InChI=1S/C9H9NO2/c1-6-10-8-5-7(11-2)3-4-9(8)12-6/h3-5H,1-2H3",benzooxazole
InChI=1S/C4H4N2/c1-2-5-4-6-3-1/h1-4H,pyridine and pyrimidine
InChI=1S/C4H4N2/c1-2-5-4-6-3-1/h1-4H,pyridine and pyrimidine
InChI=1S/C4H4N2/c1-2-5-4-6-3-1/h1-4H,pyridine and pyrimidine
"InChI=1S/C5H6N2/c1-5-6-3-2-4-7-5/h2-4H,1H3",pyridine and pyrimidine
"InChI=1S/C5H6N2/c1-5-6-3-2-4-7-5/h2-4H,1H3",pyridine and pyrimidine
"InChI=1S/C5H6N2/c1-5-6-3-2-4-7-5/h2-4H,1H3",pyridine and pyrimidine
InChI=1S/C5H3N3/c6-4-5-7-2-1-3-8-5/h1-3H,pyridine and pyrimidine
InChI=1S/C5H3N3/c6-4-5-7-2-1-3-8-5/h1-3H,pyridine and pyrimidine
"InChI=1S/C9H10N2/c1-6-4-3-5-8-9(6)11-7(2)10-8/h3-5H,1-2H3,(H,10,11)",benzoimidazole
"InChI=1S/C9H10N2/c1-6-4-3-5-8-9(6)11-7(2)10-8/h3-5H,1-2H3,(H,10,11)",benzoimidazole
"InChI=1S/C9H10N2/c1-6-4-3-5-8-9(6)11-7(2)10-8/h3-5H,1-2H3,(H,10,11)",benzoimidazole
"InChI=1S/C9H10N2/c1-6-4-3-5-8-9(6)11-7(2)10-8/h3-5H,1-2H3,(H,10,11)",benzoimidazole
"InChI=1S/C9H10N2/c1-6-4-3-5-8-9(6)11-7(2)10-8/h3-5H,1-2H3,(H,10,11)",benzoimidazole
"InChI=1S/C8H7ClN2/c1-5-10-7-4-2-3-6(9)8(7)11-5/h2-4H,1H3,(H,10,11)",benzoimidazole
"InChI=1S/C8H7ClN2/c1-5-10-7-4-2-3-6(9)8(7)11-5/h2-4H,1H3,(H,10,11)",benzoimidazole
"InChI=1S/C8H7ClN2/c1-5-10-7-4-2-3-6(9)8(7)11-5/h2-4H,1H3,(H,10,11)",benzoimidazole
"InChI=1S/C8H7ClN2/c1-5-10-7-4-2-3-6(9)8(7)11-5/h2-4H,1H3,(H,10,11)",benzoimidazole
"InChI=1S/C5H11NO/c1-6-2-4-7-5-3-6/h2-5H2,1H3",aliphatic- nitrogen
"InChI=1S/C5H11NO/c1-6-2-4-7-5-3-6/h2-5H2,1H3",aliphatic- nitrogen
"InChI=1S/C5H11NO/c1-6-2-4-7-5-3-6/h2-5H2,1H3",aliphatic- nitrogen
"InChI=1S/C6H13N/c1-7-5-3-2-4-6-7/h2-6H2,1H3",aliphatic- nitrogen
"InChI=1S/C6H13N/c1-7-5-3-2-4-6-7/h2-6H2,1H3",aliphatic- nitrogen
"InChI=1S/C6H13N/c1-7-5-3-2-4-6-7/h2-6H2,1H3",aliphatic- nitrogen
"InChI=1S/C6H13N/c1-7-5-3-2-4-6-7/h2-6H2,1H3",aliphatic- nitrogen
"InChI=1S/C5H11N/c1-6-4-2-3-5-6/h2-5H2,1H3",aliphatic- nitrogen
"InChI=1S/C5H11N/c1-6-4-2-3-5-6/h2-5H2,1H3",aliphatic- nitrogen
"InChI=1S/C5H11N/c1-6-4-2-3-5-6/h2-5H2,1H3",aliphatic- nitrogen
"InChI=1S/C8H10O2/c1-9-7-4-3-5-8(6-7)10-2/h3-6H,1-2H3",ED aromatic
"InChI=1S/C8H10O2/c1-9-7-4-3-5-8(6-7)10-2/h3-6H,1-2H3",ED aromatic
"InChI=1S/C8H10O2/c1-9-7-4-3-5-8(6-7)10-2/h3-6H,1-2H3",ED aromatic
"InChI=1S/C8H10O2/c1-9-7-4-3-5-8(6-7)10-2/h3-6H,1-2H3",ED aromatic
InChI=1S/C6H12O/c1-2-4-6-7-5-3-1/h1-6H2,aliphatic- oxygen
InChI=1S/C6H12O/c1-2-4-6-7-5-3-1/h1-6H2,aliphatic- oxygen
InChI=1S/C6H12O/c1-2-4-6-7-5-3-1/h1-6H2,aliphatic- oxygen
"InChI=1S/C6H12O/c1-6(2)4-3-5-7-6/h3-5H2,1-2H3",aliphatic- oxygen
"InChI=1S/C6H12O/c1-6(2)4-3-5-7-6/h3-5H2,1-2H3",aliphatic- oxygen
"InChI=1S/C6H12O/c1-6(2)4-3-5-7-6/h3-5H2,1-2H3",aliphatic- oxygen
"InChI=1S/C6H12O/c1-6(2)4-3-5-7-6/h3-5H2,1-2H3",aliphatic- oxygen
"InChI=1S/C7H8S/c1-8-7-5-3-2-4-6-7/h2-6H,1H3",ED aromatic
"InChI=1S/C7H8S/c1-8-7-5-3-2-4-6-7/h2-6H,1H3",ED aromatic
"InChI=1S/C7H8S/c1-8-7-5-3-2-4-6-7/h2-6H,1H3",ED aromatic
"InChI=1S/C7H8S/c1-8-7-5-3-2-4-6-7/h2-6H,1H3",ED aromatic
"InChI=1S/C8H10S/c1-7-3-5-8(9-2)6-4-7/h3-6H,1-2H3",ER aromatic
"InChI=1S/C8H10S/c1-7-3-5-8(9-2)6-4-7/h3-6H,1-2H3",ER aromatic
"InChI=1S/C8H10S/c1-7-3-5-8(9-2)6-4-7/h3-6H,1-2H3",ER aromatic
"InChI=1S/C8H10S/c1-7-3-5-8(9-2)6-4-7/h3-6H,1-2H3",ER aromatic
"InChI=1S/C8H7F3S/c1-12-7-4-2-6(3-5-7)8(9,10)11/h2-5H,1H3",ED aromatic
"InChI=1S/C8H7F3S/c1-12-7-4-2-6(3-5-7)8(9,10)11/h2-5H,1H3",ED aromatic
"InChI=1S/C8H7F3S/c1-12-7-4-2-6(3-5-7)8(9,10)11/h2-5H,1H3",ED aromatic
"InChI=1S/C8H10S/c1-2-9-8-6-4-3-5-7-8/h3-7H,2H2,1H3",ED aromatic
"InChI=1S/C8H10S/c1-2-9-8-6-4-3-5-7-8/h3-7H,2H2,1H3",ED aromatic
"InChI=1S/C8H10S/c1-2-9-8-6-4-3-5-7-8/h3-7H,2H2,1H3",ED aromatic
"InChI=1S/C8H10S/c1-2-9-8-6-4-3-5-7-8/h3-7H,2H2,1H3",ED aromatic
"InChI=1S/C8H10S/c1-2-9-8-6-4-3-5-7-8/h3-7H,2H2,1H3",ED aromatic
"InChI=1S/C8H10S/c1-9-7-8-5-3-2-4-6-8/h2-6H,7H2,1H3",ED aromatic
"InChI=1S/C8H10S/c1-9-7-8-5-3-2-4-6-8/h2-6H,7H2,1H3",ED aromatic
"InChI=1S/C8H10S/c1-9-7-8-5-3-2-4-6-8/h2-6H,7H2,1H3",ED aromatic
"InChI=1S/C8H10S/c1-9-7-8-5-3-2-4-6-8/h2-6H,7H2,1H3",ED aromatic
"InChI=1S/C8H10S/c1-9-7-8-5-3-2-4-6-8/h2-6H,7H2,1H3",ED aromatic
"InChI=1S/C9H10O2S/c1-7(10)11-8-3-5-9(12-2)6-4-8/h3-6H,1-2H3",ED aromatic
"InChI=1S/C9H10O2S/c1-7(10)11-8-3-5-9(12-2)6-4-8/h3-6H,1-2H3",ED aromatic
"InChI=1S/C9H10O2S/c1-7(10)11-8-3-5-9(12-2)6-4-8/h3-6H,1-2H3",ED aromatic
"InChI=1S/C9H10O2S/c1-7(10)11-8-3-5-9(12-2)6-4-8/h3-6H,1-2H3",ED aromatic
"InChI=1S/C8H10S/c1-7-4-3-5-8(6-7)9-2/h3-6H,1-2H3",ER aromatic
"InChI=1S/C8H10S/c1-7-4-3-5-8(6-7)9-2/h3-6H,1-2H3",ER aromatic
"InChI=1S/C8H10S/c1-7-4-3-5-8(6-7)9-2/h3-6H,1-2H3",ER aromatic
"InChI=1S/C8H10S/c1-7-4-3-5-8(6-7)9-2/h3-6H,1-2H3",ER aromatic
"InChI=1S/C8H10S/c1-7-4-3-5-8(6-7)9-2/h3-6H,1-2H3",ER aromatic
"InChI=1S/C8H10S/c1-7-4-3-5-8(6-7)9-2/h3-6H,1-2H3",ER aromatic
"InChI=1S/C10H16SSi/c1-11-9-6-5-7-10(8-9)12(2,3)4/h5-8H,1-4H3",ER aromatic
"InChI=1S/C10H16SSi/c1-11-9-6-5-7-10(8-9)12(2,3)4/h5-8H,1-4H3",ER aromatic
"InChI=1S/C10H16SSi/c1-11-9-6-5-7-10(8-9)12(2,3)4/h5-8H,1-4H3",ER aromatic
"InChI=1S/C10H16SSi/c1-11-9-6-5-7-10(8-9)12(2,3)4/h5-8H,1-4H3",ER aromatic
"InChI=1S/C10H16SSi/c1-11-9-6-5-7-10(8-9)12(2,3)4/h5-8H,1-4H3",ER aromatic
"InChI=1S/C10H16SSi/c1-11-9-6-5-7-10(8-9)12(2,3)4/h5-8H,1-4H3",ER aromatic
"InChI=1S/C9H13NO2/c1-9(2,3)12-8(11)10-6-4-5-7-10/h4-7H,1-3H3",pyrrole
"InChI=1S/C9H13NO2/c1-9(2,3)12-8(11)10-6-4-5-7-10/h4-7H,1-3H3",pyrrole
"InChI=1S/C9H13NO2/c1-9(2,3)12-8(11)10-6-4-5-7-10/h4-7H,1-3H3",pyrrole
"InChI=1S/C10H15NO2/c1-8-6-5-7-11(8)9(12)13-10(2,3)4/h5-7H,1-4H3",pyrrole
"InChI=1S/C10H15NO2/c1-8-6-5-7-11(8)9(12)13-10(2,3)4/h5-7H,1-4H3",pyrrole
"InChI=1S/C10H15NO2/c1-8-6-5-7-11(8)9(12)13-10(2,3)4/h5-7H,1-4H3",pyrrole
"InChI=1S/C10H15NO2/c1-8-6-5-7-11(8)9(12)13-10(2,3)4/h5-7H,1-4H3",pyrrole
"InChI=1S/C10H15NO2/c1-8-6-5-7-11(8)9(12)13-10(2,3)4/h5-7H,1-4H3",pyrrole
"InChI=1S/C11H15NO4/c1-11(2,3)16-10(14)12-7-5-6-8(12)9(13)15-4/h5-7H,1-4H3",pyrrole
"InChI=1S/C11H15NO4/c1-11(2,3)16-10(14)12-7-5-6-8(12)9(13)15-4/h5-7H,1-4H3",pyrrole
"InChI=1S/C11H15NO4/c1-11(2,3)16-10(14)12-7-5-6-8(12)9(13)15-4/h5-7H,1-4H3",pyrrole
"InChI=1S/C11H15NO4/c1-11(2,3)16-10(14)12-7-5-6-8(12)9(13)15-4/h5-7H,1-4H3",pyrrole
"InChI=1S/C11H15NO4/c1-11(2,3)16-10(14)12-7-5-6-8(12)9(13)15-4/h5-7H,1-4H3",pyrrole
"InChI=1S/C13H15NO2/c1-13(2,3)16-12(15)14-9-8-10-6-4-5-7-11(10)14/h4-9H,1-3H3",indole
"InChI=1S/C13H15NO2/c1-13(2,3)16-12(15)14-9-8-10-6-4-5-7-11(10)14/h4-9H,1-3H3",indole
"InChI=1S/C13H15NO2/c1-13(2,3)16-12(15)14-9-8-10-6-4-5-7-11(10)14/h4-9H,1-3H3",indole
"InChI=1S/C13H15NO2/c1-13(2,3)16-12(15)14-9-8-10-6-4-5-7-11(10)14/h4-9H,1-3H3",indole
"InChI=1S/C13H15NO2/c1-13(2,3)16-12(15)14-9-8-10-6-4-5-7-11(10)14/h4-9H,1-3H3",indole
"InChI=1S/C13H15NO2/c1-13(2,3)16-12(15)14-9-8-10-6-4-5-7-11(10)14/h4-9H,1-3H3",indole
"InChI=1S/C13H15NO2/c1-13(2,3)16-12(15)14-9-8-10-6-4-5-7-11(10)14/h4-9H,1-3H3",indole
"InChI=1S/C12H14N2O2/c1-12(2,3)16-11(15)14-7-5-9-4-6-13-8-10(9)14/h4-8H,1-3H3",pyrrolopyridine
"InChI=1S/C12H14N2O2/c1-12(2,3)16-11(15)14-7-5-9-4-6-13-8-10(9)14/h4-8H,1-3H3",pyrrolopyridine
"InChI=1S/C12H14N2O2/c1-12(2,3)16-11(15)14-7-5-9-4-6-13-8-10(9)14/h4-8H,1-3H3",pyrrolopyridine
"InChI=1S/C12H14N2O2/c1-12(2,3)16-11(15)14-7-5-9-4-6-13-8-10(9)14/h4-8H,1-3H3",pyrrolopyridine
"InChI=1S/C12H14N2O2/c1-12(2,3)16-11(15)14-7-5-9-4-6-13-8-10(9)14/h4-8H,1-3H3",pyrrolopyridine
"InChI=1S/C12H14N2O2/c1-12(2,3)16-11(15)14-7-5-9-4-6-13-8-10(9)14/h4-8H,1-3H3",pyrrolopyridine
"InChI=1S/C20H24N2O2S/c1-14-11-15(2)20(16(3)12-14)25(23,24)22(4)10-9-17-13-21-19-8-6-5-7-18(17)19/h5-8,11-13,21H,9-10H2,1-4H3",indole
"InChI=1S/C20H24N2O2S/c1-14-11-15(2)20(16(3)12-14)25(23,24)22(4)10-9-17-13-21-19-8-6-5-7-18(17)19/h5-8,11-13,21H,9-10H2,1-4H3",indole
"InChI=1S/C20H24N2O2S/c1-14-11-15(2)20(16(3)12-14)25(23,24)22(4)10-9-17-13-21-19-8-6-5-7-18(17)19/h5-8,11-13,21H,9-10H2,1-4H3",indole
"InChI=1S/C20H24N2O2S/c1-14-11-15(2)20(16(3)12-14)25(23,24)22(4)10-9-17-13-21-19-8-6-5-7-18(17)19/h5-8,11-13,21H,9-10H2,1-4H3",indole
"InChI=1S/C20H24N2O2S/c1-14-11-15(2)20(16(3)12-14)25(23,24)22(4)10-9-17-13-21-19-8-6-5-7-18(17)19/h5-8,11-13,21H,9-10H2,1-4H3",indole
"InChI=1S/C20H24N2O2S/c1-14-11-15(2)20(16(3)12-14)25(23,24)22(4)10-9-17-13-21-19-8-6-5-7-18(17)19/h5-8,11-13,21H,9-10H2,1-4H3",indole
"InChI=1S/C20H24N2O2S/c1-14-11-15(2)20(16(3)12-14)25(23,24)22(4)10-9-17-13-21-19-8-6-5-7-18(17)19/h5-8,11-13,21H,9-10H2,1-4H3",indole
"InChI=1S/C20H24N2O2S/c1-14-11-15(2)20(16(3)12-14)25(23,24)22(4)10-9-17-13-21-19-8-6-5-7-18(17)19/h5-8,11-13,21H,9-10H2,1-4H3",indole
"InChI=1S/C20H24N2O2S/c1-14-11-15(2)20(16(3)12-14)25(23,24)22(4)10-9-17-13-21-19-8-6-5-7-18(17)19/h5-8,11-13,21H,9-10H2,1-4H3",indole
"InChI=1S/C20H24N2O2S/c1-14-11-15(2)20(16(3)12-14)25(23,24)22(4)10-9-17-13-21-19-8-6-5-7-18(17)19/h5-8,11-13,21H,9-10H2,1-4H3",indole
"InChI=1S/C20H24N2O2S/c1-14-11-15(2)20(16(3)12-14)25(23,24)22(4)10-9-17-13-21-19-8-6-5-7-18(17)19/h5-8,11-13,21H,9-10H2,1-4H3",indole
"InChI=1S/C12H14N2O2/c1-16-12(15)13-7-6-9-8-14-11-5-3-2-4-10(9)11/h2-5,8,14H,6-7H2,1H3,(H,13,15)",indole
"InChI=1S/C12H14N2O2/c1-16-12(15)13-7-6-9-8-14-11-5-3-2-4-10(9)11/h2-5,8,14H,6-7H2,1H3,(H,13,15)",indole
"InChI=1S/C12H14N2O2/c1-16-12(15)13-7-6-9-8-14-11-5-3-2-4-10(9)11/h2-5,8,14H,6-7H2,1H3,(H,13,15)",indole
"InChI=1S/C12H14N2O2/c1-16-12(15)13-7-6-9-8-14-11-5-3-2-4-10(9)11/h2-5,8,14H,6-7H2,1H3,(H,13,15)",indole
"InChI=1S/C12H14N2O2/c1-16-12(15)13-7-6-9-8-14-11-5-3-2-4-10(9)11/h2-5,8,14H,6-7H2,1H3,(H,13,15)",indole
"InChI=1S/C12H14N2O2/c1-16-12(15)13-7-6-9-8-14-11-5-3-2-4-10(9)11/h2-5,8,14H,6-7H2,1H3,(H,13,15)",indole
"InChI=1S/C12H14N2O2/c1-16-12(15)13-7-6-9-8-14-11-5-3-2-4-10(9)11/h2-5,8,14H,6-7H2,1H3,(H,13,15)",indole
"InChI=1S/C12H14N2O2/c1-16-12(15)13-7-6-9-8-14-11-5-3-2-4-10(9)11/h2-5,8,14H,6-7H2,1H3,(H,13,15)",indole
"InChI=1S/C9H9N/c1-7-6-10-9-5-3-2-4-8(7)9/h2-6,10H,1H3",indole
"InChI=1S/C9H9N/c1-7-6-10-9-5-3-2-4-8(7)9/h2-6,10H,1H3",indole
"InChI=1S/C9H9N/c1-7-6-10-9-5-3-2-4-8(7)9/h2-6,10H,1H3",indole
"InChI=1S/C9H9N/c1-7-6-10-9-5-3-2-4-8(7)9/h2-6,10H,1H3",indole
"InChI=1S/C9H9N/c1-7-6-10-9-5-3-2-4-8(7)9/h2-6,10H,1H3",indole
"InChI=1S/C9H9N/c1-7-6-10-9-5-3-2-4-8(7)9/h2-6,10H,1H3",indole
"InChI=1S/C10H11NO/c12-6-5-8-7-11-10-4-2-1-3-9(8)10/h1-4,7,11-12H,5-6H2",indole
"InChI=1S/C10H11NO/c12-6-5-8-7-11-10-4-2-1-3-9(8)10/h1-4,7,11-12H,5-6H2",indole
"InChI=1S/C10H11NO/c12-6-5-8-7-11-10-4-2-1-3-9(8)10/h1-4,7,11-12H,5-6H2",indole
"InChI=1S/C10H11NO/c12-6-5-8-7-11-10-4-2-1-3-9(8)10/h1-4,7,11-12H,5-6H2",indole
"InChI=1S/C10H11NO/c12-6-5-8-7-11-10-4-2-1-3-9(8)10/h1-4,7,11-12H,5-6H2",indole
"InChI=1S/C10H11NO/c12-6-5-8-7-11-10-4-2-1-3-9(8)10/h1-4,7,11-12H,5-6H2",indole
"InChI=1S/C10H11NO/c12-6-5-8-7-11-10-4-2-1-3-9(8)10/h1-4,7,11-12H,5-6H2",indole
"InChI=1S/C11H18Si/c1-4-7-10-8-5-6-9-11(10)12(2)3/h5-6,8-9,12H,4,7H2,1-3H3",ER aromatic
"InChI=1S/C11H18Si/c1-4-7-10-8-5-6-9-11(10)12(2)3/h5-6,8-9,12H,4,7H2,1-3H3",ER aromatic
"InChI=1S/C11H18Si/c1-4-7-10-8-5-6-9-11(10)12(2)3/h5-6,8-9,12H,4,7H2,1-3H3",ER aromatic
"InChI=1S/C11H18Si/c1-4-7-10-8-5-6-9-11(10)12(2)3/h5-6,8-9,12H,4,7H2,1-3H3",ER aromatic
"InChI=1S/C11H18Si/c1-4-7-10-8-5-6-9-11(10)12(2)3/h5-6,8-9,12H,4,7H2,1-3H3",ER aromatic
"InChI=1S/C11H18Si/c1-4-7-10-8-5-6-9-11(10)12(2)3/h5-6,8-9,12H,4,7H2,1-3H3",ER aromatic
"InChI=1S/C11H18Si/c1-4-7-10-8-5-6-9-11(10)12(2)3/h5-6,8-9,12H,4,7H2,1-3H3",ER aromatic
"InChI=1S/C11H18Si/c1-4-7-10-8-5-6-9-11(10)12(2)3/h5-6,8-9,12H,4,7H2,1-3H3",ER aromatic
"InChI=1S/C4H11ClSi/c1-4-6(2,3)5/h4H2,1-3H3",aliphatic
"InChI=1S/C4H11ClSi/c1-4-6(2,3)5/h4H2,1-3H3",aliphatic
"InChI=1S/C4H11ClSi/c1-4-6(2,3)5/h4H2,1-3H3",aliphatic
"InChI=1S/C5H13ClSi/c1-5(2)7(3,4)6/h5H,1-4H3",aliphatic
"InChI=1S/C5H13ClSi/c1-5(2)7(3,4)6/h5H,1-4H3",aliphatic
"InChI=1S/C5H13ClSi/c1-5(2)7(3,4)6/h5H,1-4H3",aliphatic
"InChI=1S/C6H15ClSi/c1-4-5-6-8(2,3)7/h4-6H2,1-3H3",aliphatic
"InChI=1S/C6H15ClSi/c1-4-5-6-8(2,3)7/h4-6H2,1-3H3",aliphatic
"InChI=1S/C6H15ClSi/c1-4-5-6-8(2,3)7/h4-6H2,1-3H3",aliphatic
"InChI=1S/C6H15ClSi/c1-4-5-6-8(2,3)7/h4-6H2,1-3H3",aliphatic
"InChI=1S/C6H15ClSi/c1-4-5-6-8(2,3)7/h4-6H2,1-3H3",aliphatic
"InChI=1S/C10H23ClSi/c1-4-5-6-7-8-9-10-12(2,3)11/h4-10H2,1-3H3",aliphatic
"InChI=1S/C10H23ClSi/c1-4-5-6-7-8-9-10-12(2,3)11/h4-10H2,1-3H3",aliphatic
"InChI=1S/C10H23ClSi/c1-4-5-6-7-8-9-10-12(2,3)11/h4-10H2,1-3H3",aliphatic
"InChI=1S/C10H23ClSi/c1-4-5-6-7-8-9-10-12(2,3)11/h4-10H2,1-3H3",aliphatic
"InChI=1S/C10H23ClSi/c1-4-5-6-7-8-9-10-12(2,3)11/h4-10H2,1-3H3",aliphatic
"InChI=1S/C10H23ClSi/c1-4-5-6-7-8-9-10-12(2,3)11/h4-10H2,1-3H3",aliphatic
"InChI=1S/C10H23ClSi/c1-4-5-6-7-8-9-10-12(2,3)11/h4-10H2,1-3H3",aliphatic
"InChI=1S/C10H23ClSi/c1-4-5-6-7-8-9-10-12(2,3)11/h4-10H2,1-3H3",aliphatic
"InChI=1S/C10H23ClSi/c1-4-5-6-7-8-9-10-12(2,3)11/h4-10H2,1-3H3",aliphatic
"InChI=1S/C3H8Cl2Si/c1-6(2,5)3-4/h3H2,1-2H3",aliphatic
"InChI=1S/C3H8Cl2Si/c1-6(2,5)3-4/h3H2,1-2H3",aliphatic
"InChI=1S/C32H48S2Si2/c1-19(2)35(20(3)4,21(5)6)30-17-25-13-14-26-27(32(25)34-30)15-16-29-28(26)18-31(33-29)36(22(7)8,23(9)10)24(11)12/h13-24H,1-12H3",benzothiophene
"InChI=1S/C32H48S2Si2/c1-19(2)35(20(3)4,21(5)6)30-17-25-13-14-26-27(32(25)34-30)15-16-29-28(26)18-31(33-29)36(22(7)8,23(9)10)24(11)12/h13-24H,1-12H3",benzothiophene
"InChI=1S/C32H48S2Si2/c1-19(2)35(20(3)4,21(5)6)30-17-25-13-14-26-27(32(25)34-30)15-16-29-28(26)18-31(33-29)36(22(7)8,23(9)10)24(11)12/h13-24H,1-12H3",benzothiophene
"InChI=1S/C32H48S2Si2/c1-19(2)35(20(3)4,21(5)6)30-17-25-13-14-26-27(32(25)34-30)15-16-29-28(26)18-31(33-29)36(22(7)8,23(9)10)24(11)12/h13-24H,1-12H3",benzothiophene
"InChI=1S/C32H48S2Si2/c1-19(2)35(20(3)4,21(5)6)30-17-25-13-14-26-27(32(25)34-30)15-16-29-28(26)18-31(33-29)36(22(7)8,23(9)10)24(11)12/h13-24H,1-12H3",benzothiophene
"InChI=1S/C30H40S2/c1-3-5-7-9-11-13-15-24-21-23-17-18-26-27(30(23)32-24)19-20-29-28(26)22-25(31-29)16-14-12-10-8-6-4-2/h17-22H,3-16H2,1-2H3",benzothiophene
"InChI=1S/C30H40S2/c1-3-5-7-9-11-13-15-24-21-23-17-18-26-27(30(23)32-24)19-20-29-28(26)22-25(31-29)16-14-12-10-8-6-4-2/h17-22H,3-16H2,1-2H3",benzothiophene
"InChI=1S/C30H40S2/c1-3-5-7-9-11-13-15-24-21-23-17-18-26-27(30(23)32-24)19-20-29-28(26)22-25(31-29)16-14-12-10-8-6-4-2/h17-22H,3-16H2,1-2H3",benzothiophene
"InChI=1S/C30H40S2/c1-3-5-7-9-11-13-15-24-21-23-17-18-26-27(30(23)32-24)19-20-29-28(26)22-25(31-29)16-14-12-10-8-6-4-2/h17-22H,3-16H2,1-2H3",benzothiophene
"InChI=1S/C30H40S2/c1-3-5-7-9-11-13-15-24-21-23-17-18-26-27(30(23)32-24)19-20-29-28(26)22-25(31-29)16-14-12-10-8-6-4-2/h17-22H,3-16H2,1-2H3",benzothiophene
"InChI=1S/C30H40S2/c1-3-5-7-9-11-13-15-24-21-23-17-18-26-27(30(23)32-24)19-20-29-28(26)22-25(31-29)16-14-12-10-8-6-4-2/h17-22H,3-16H2,1-2H3",benzothiophene
"InChI=1S/C30H40S2/c1-3-5-7-9-11-13-15-24-21-23-17-18-26-27(30(23)32-24)19-20-29-28(26)22-25(31-29)16-14-12-10-8-6-4-2/h17-22H,3-16H2,1-2H3",benzothiophene
"InChI=1S/C30H40S2/c1-3-5-7-9-11-13-15-24-21-23-17-18-26-27(30(23)32-24)19-20-29-28(26)22-25(31-29)16-14-12-10-8-6-4-2/h17-22H,3-16H2,1-2H3",benzothiophene
"InChI=1S/C30H40S2/c1-3-5-7-9-11-13-15-24-21-23-17-18-26-27(30(23)32-24)19-20-29-28(26)22-25(31-29)16-14-12-10-8-6-4-2/h17-22H,3-16H2,1-2H3",benzothiophene
"InChI=1S/C30H40S2/c1-3-5-7-9-11-13-15-24-21-23-17-18-26-27(30(23)32-24)19-20-29-28(26)22-25(31-29)16-14-12-10-8-6-4-2/h17-22H,3-16H2,1-2H3",benzothiophene
"InChI=1S/C30H40S2/c1-3-5-7-9-11-13-15-24-21-23-17-18-26-27(30(23)32-24)19-20-29-28(26)22-25(31-29)16-14-12-10-8-6-4-2/h17-22H,3-16H2,1-2H3",benzothiophene
InChI=1S/C16H10/c1-3-11-7-9-13-5-2-6-14-10-8-12(4-1)15(11)16(13)14/h1-10H,aromatic
InChI=1S/C16H10/c1-3-11-7-9-13-5-2-6-14-10-8-12(4-1)15(11)16(13)14/h1-10H,aromatic
InChI=1S/C16H10/c1-3-11-7-9-13-5-2-6-14-10-8-12(4-1)15(11)16(13)14/h1-10H,aromatic
"InChI=1S/C20H18/c1-20(2,3)17-11-15-9-7-13-5-4-6-14-8-10-16(12-17)19(15)18(13)14/h4-12H,1-3H3",aromatic
"InChI=1S/C20H18/c1-20(2,3)17-11-15-9-7-13-5-4-6-14-8-10-16(12-17)19(15)18(13)14/h4-12H,1-3H3",aromatic
"InChI=1S/C20H18/c1-20(2,3)17-11-15-9-7-13-5-4-6-14-8-10-16(12-17)19(15)18(13)14/h4-12H,1-3H3",aromatic
"InChI=1S/C20H18/c1-20(2,3)17-11-15-9-7-13-5-4-6-14-8-10-16(12-17)19(15)18(13)14/h4-12H,1-3H3",aromatic
"InChI=1S/C20H18/c1-20(2,3)17-11-15-9-7-13-5-4-6-14-8-10-16(12-17)19(15)18(13)14/h4-12H,1-3H3",aromatic
"InChI=1S/C20H18/c1-20(2,3)17-11-15-9-7-13-5-4-6-14-8-10-16(12-17)19(15)18(13)14/h4-12H,1-3H3",aromatic
"InChI=1S/C11H11N/c1-8-3-6-11-10(7-8)5-4-9(2)12-11/h3-7H,1-2H3",quinoline
"InChI=1S/C11H11N/c1-8-3-6-11-10(7-8)5-4-9(2)12-11/h3-7H,1-2H3",quinoline
"InChI=1S/C11H11N/c1-8-3-6-11-10(7-8)5-4-9(2)12-11/h3-7H,1-2H3",quinoline
"InChI=1S/C11H11N/c1-8-3-6-11-10(7-8)5-4-9(2)12-11/h3-7H,1-2H3",quinoline
"InChI=1S/C11H11N/c1-8-3-6-11-10(7-8)5-4-9(2)12-11/h3-7H,1-2H3",quinoline
"InChI=1S/C11H11N/c1-8-3-6-11-10(7-8)5-4-9(2)12-11/h3-7H,1-2H3",quinoline
"InChI=1S/C11H11N/c1-8-3-6-11-10(7-8)5-4-9(2)12-11/h3-7H,1-2H3",quinoline
"InChI=1S/C11H11NO/c1-8-3-4-9-7-10(13-2)5-6-11(9)12-8/h3-7H,1-2H3",quinoline
"InChI=1S/C11H11NO/c1-8-3-4-9-7-10(13-2)5-6-11(9)12-8/h3-7H,1-2H3",quinoline
"InChI=1S/C11H11NO/c1-8-3-4-9-7-10(13-2)5-6-11(9)12-8/h3-7H,1-2H3",quinoline
"InChI=1S/C11H11NO/c1-8-3-4-9-7-10(13-2)5-6-11(9)12-8/h3-7H,1-2H3",quinoline
"InChI=1S/C11H11NO/c1-8-3-4-9-7-10(13-2)5-6-11(9)12-8/h3-7H,1-2H3",quinoline
"InChI=1S/C11H11NO/c1-8-3-4-9-7-10(13-2)5-6-11(9)12-8/h3-7H,1-2H3",quinoline
"InChI=1S/C11H11NO/c1-8-3-4-9-7-10(13-2)5-6-11(9)12-8/h3-7H,1-2H3",quinoline
"InChI=1S/C10H8ClN/c1-7-2-3-8-6-9(11)4-5-10(8)12-7/h2-6H,1H3",quinoline
"InChI=1S/C10H8ClN/c1-7-2-3-8-6-9(11)4-5-10(8)12-7/h2-6H,1H3",quinoline
"InChI=1S/C10H8ClN/c1-7-2-3-8-6-9(11)4-5-10(8)12-7/h2-6H,1H3",quinoline
"InChI=1S/C10H8ClN/c1-7-2-3-8-6-9(11)4-5-10(8)12-7/h2-6H,1H3",quinoline
"InChI=1S/C10H8ClN/c1-7-2-3-8-6-9(11)4-5-10(8)12-7/h2-6H,1H3",quinoline
"InChI=1S/C10H8ClN/c1-7-2-3-8-6-9(11)4-5-10(8)12-7/h2-6H,1H3",quinoline
"InChI=1S/C11H11NO/c1-8-3-4-9-5-6-10(13-2)7-11(9)12-8/h3-7H,1-2H3",quinoline
"InChI=1S/C11H11NO/c1-8-3-4-9-5-6-10(13-2)7-11(9)12-8/h3-7H,1-2H3",quinoline
"InChI=1S/C11H11NO/c1-8-3-4-9-5-6-10(13-2)7-11(9)12-8/h3-7H,1-2H3",quinoline
"InChI=1S/C11H11NO/c1-8-3-4-9-5-6-10(13-2)7-11(9)12-8/h3-7H,1-2H3",quinoline
"InChI=1S/C11H11NO/c1-8-3-4-9-5-6-10(13-2)7-11(9)12-8/h3-7H,1-2H3",quinoline
"InChI=1S/C11H11NO/c1-8-3-4-9-5-6-10(13-2)7-11(9)12-8/h3-7H,1-2H3",quinoline
"InChI=1S/C11H11NO/c1-8-3-4-9-5-6-10(13-2)7-11(9)12-8/h3-7H,1-2H3",quinoline
"InChI=1S/C11H8N2/c1-8-2-4-10-5-3-9(7-12)6-11(10)13-8/h2-6H,1H3",quinoline
"InChI=1S/C11H8N2/c1-8-2-4-10-5-3-9(7-12)6-11(10)13-8/h2-6H,1H3",quinoline
"InChI=1S/C11H8N2/c1-8-2-4-10-5-3-9(7-12)6-11(10)13-8/h2-6H,1H3",quinoline
"InChI=1S/C11H8N2/c1-8-2-4-10-5-3-9(7-12)6-11(10)13-8/h2-6H,1H3",quinoline
"InChI=1S/C11H8N2/c1-8-2-4-10-5-3-9(7-12)6-11(10)13-8/h2-6H,1H3",quinoline
"InChI=1S/C11H8N2/c1-8-2-4-10-5-3-9(7-12)6-11(10)13-8/h2-6H,1H3",quinoline
"InChI=1S/C6H6BrN/c7-5-1-3-6(8)4-2-5/h1-4H,8H2",ER aromatic
"InChI=1S/C6H6BrN/c7-5-1-3-6(8)4-2-5/h1-4H,8H2",ER aromatic
"InChI=1S/C6H6ClNO/c7-5-3-4(8)1-2-6(5)9/h1-3,9H,8H2",ER aromatic
"InChI=1S/C6H6ClNO/c7-5-3-4(8)1-2-6(5)9/h1-3,9H,8H2",ER aromatic
"InChI=1S/C6H6ClNO/c7-5-3-4(8)1-2-6(5)9/h1-3,9H,8H2",ER aromatic
"InChI=1S/C7H6F3N/c8-7(9,10)5-1-3-6(11)4-2-5/h1-4H,11H2",ER aromatic
"InChI=1S/C7H6F3N/c8-7(9,10)5-1-3-6(11)4-2-5/h1-4H,11H2",ER aromatic
"InChI=1S/C6H5ClFN/c7-5-2-1-4(9)3-6(5)8/h1-3H,9H2",ER aromatic
"InChI=1S/C6H5ClFN/c7-5-2-1-4(9)3-6(5)8/h1-3H,9H2",ER aromatic
"InChI=1S/C6H5ClFN/c7-5-2-1-4(9)3-6(5)8/h1-3H,9H2",ER aromatic
"InChI=1S/C7H6N2/c8-5-6-1-3-7(9)4-2-6/h1-4H,9H2",ER aromatic
"InChI=1S/C7H6N2/c8-5-6-1-3-7(9)4-2-6/h1-4H,9H2",ER aromatic
"InChI=1S/C6H7NO/c7-5-1-3-6(8)4-2-5/h1-4,8H,7H2",ER aromatic
"InChI=1S/C6H7NO/c7-5-1-3-6(8)4-2-5/h1-4,8H,7H2",ER aromatic
"InChI=1S/C7H9NO/c1-9-7-4-2-6(8)3-5-7/h2-5H,8H2,1H3",ER aromatic
"InChI=1S/C7H9NO/c1-9-7-4-2-6(8)3-5-7/h2-5H,8H2,1H3",ER aromatic
"InChI=1S/C7H9NO/c1-9-7-4-2-6(8)3-5-7/h2-5H,8H2,1H3",ER aromatic
"InChI=1S/C7H6F3N/c8-7(9,10)5-2-1-3-6(11)4-5/h1-4H,11H2",ER aromatic
"InChI=1S/C7H6F3N/c8-7(9,10)5-2-1-3-6(11)4-5/h1-4H,11H2",ER aromatic
"InChI=1S/C7H6F3N/c8-7(9,10)5-2-1-3-6(11)4-5/h1-4H,11H2",ER aromatic
"InChI=1S/C7H6F3N/c8-7(9,10)5-2-1-3-6(11)4-5/h1-4H,11H2",ER aromatic
"InChI=1S/C8H5NO/c9-5-7-1-3-8(6-10)4-2-7/h1-4,6H",ED aromatic
"InChI=1S/C8H5NO/c9-5-7-1-3-8(6-10)4-2-7/h1-4,6H",ED aromatic
"InChI=1S/C8H5NO/c9-5-7-1-3-8(6-10)4-2-7/h1-4,6H",ED aromatic
InChI=1S/C7H5ClO/c8-7-3-1-2-6(4-7)5-9/h1-5H,ED aromatic
InChI=1S/C7H5ClO/c8-7-3-1-2-6(4-7)5-9/h1-5H,ED aromatic
InChI=1S/C7H5ClO/c8-7-3-1-2-6(4-7)5-9/h1-5H,ED aromatic
InChI=1S/C7H5ClO/c8-7-3-1-2-6(4-7)5-9/h1-5H,ED aromatic
InChI=1S/C7H5ClO/c8-7-3-1-2-6(4-7)5-9/h1-5H,ED aromatic
"InChI=1S/C9H10O3/c1-11-8-5-3-4-7(6-10)9(8)12-2/h3-6H,1-2H3",ED aromatic
"InChI=1S/C9H10O3/c1-11-8-5-3-4-7(6-10)9(8)12-2/h3-6H,1-2H3",ED aromatic
"InChI=1S/C9H10O3/c1-11-8-5-3-4-7(6-10)9(8)12-2/h3-6H,1-2H3",ED aromatic
"InChI=1S/C9H10O3/c1-11-8-5-3-4-7(6-10)9(8)12-2/h3-6H,1-2H3",ED aromatic
"InChI=1S/C9H10O3/c1-11-8-5-3-4-7(6-10)9(8)12-2/h3-6H,1-2H3",ED aromatic
"InChI=1S/C9H10O3/c1-11-8-5-3-4-7(6-10)9(8)12-2/h3-6H,1-2H3",ED aromatic
"InChI=1S/C8H5NO/c9-5-7-2-1-3-8(4-7)6-10/h1-4,6H",ED aromatic
"InChI=1S/C8H5NO/c9-5-7-2-1-3-8(4-7)6-10/h1-4,6H",ED aromatic
"InChI=1S/C8H5NO/c9-5-7-2-1-3-8(4-7)6-10/h1-4,6H",ED aromatic
"InChI=1S/C8H5NO/c9-5-7-2-1-3-8(4-7)6-10/h1-4,6H",ED aromatic
"InChI=1S/C8H5NO/c9-5-7-2-1-3-8(4-7)6-10/h1-4,6H",ED aromatic
"InChI=1S/C9H10O/c1-2-8-3-5-9(7-10)6-4-8/h3-7H,2H2,1H3",ED aromatic
"InChI=1S/C9H10O/c1-2-8-3-5-9(7-10)6-4-8/h3-7H,2H2,1H3",ED aromatic
"InChI=1S/C9H10O/c1-2-8-3-5-9(7-10)6-4-8/h3-7H,2H2,1H3",ED aromatic
"InChI=1S/C9H10O/c1-2-8-3-5-9(7-10)6-4-8/h3-7H,2H2,1H3",ED aromatic
"InChI=1S/C9H10O/c1-2-8-3-5-9(7-10)6-4-8/h3-7H,2H2,1H3",ED aromatic
InChI=1S/C7H5FO/c8-7-3-1-6(5-9)2-4-7/h1-5H,ED aromatic
InChI=1S/C7H5FO/c8-7-3-1-6(5-9)2-4-7/h1-5H,ED aromatic
InChI=1S/C7H5FO/c8-7-3-1-6(5-9)2-4-7/h1-5H,ED aromatic
InChI=1S/C7H5ClO/c8-7-4-2-1-3-6(7)5-9/h1-5H,ED aromatic
InChI=1S/C7H5ClO/c8-7-4-2-1-3-6(7)5-9/h1-5H,ED aromatic
InChI=1S/C7H5ClO/c8-7-4-2-1-3-6(7)5-9/h1-5H,ED aromatic
InChI=1S/C7H5ClO/c8-7-4-2-1-3-6(7)5-9/h1-5H,ED aromatic
InChI=1S/C7H5ClO/c8-7-4-2-1-3-6(7)5-9/h1-5H,ED aromatic
"InChI=1S/C8H8O/c1-7-4-2-3-5-8(7)6-9/h2-6H,1H3",ED aromatic
"InChI=1S/C8H8O/c1-7-4-2-3-5-8(7)6-9/h2-6H,1H3",ED aromatic
"InChI=1S/C8H8O/c1-7-4-2-3-5-8(7)6-9/h2-6H,1H3",ED aromatic
"InChI=1S/C8H8O/c1-7-4-2-3-5-8(7)6-9/h2-6H,1H3",ED aromatic
"InChI=1S/C8H8O/c1-7-4-2-3-5-8(7)6-9/h2-6H,1H3",ED aromatic
"InChI=1S/C8H8O/c1-7-4-2-3-5-8(7)6-9/h2-6H,1H3",ED aromatic
"InChI=1S/C8H8O2/c1-10-8-4-2-7(6-9)3-5-8/h2-6H,1H3",ED aromatic
"InChI=1S/C8H8O2/c1-10-8-4-2-7(6-9)3-5-8/h2-6H,1H3",ED aromatic
"InChI=1S/C8H8O2/c1-10-8-4-2-7(6-9)3-5-8/h2-6H,1H3",ED aromatic
"InChI=1S/C8H8O2/c1-10-8-4-2-7(6-9)3-5-8/h2-6H,1H3",ED aromatic
"InChI=1S/C10H14O/c1-10(2,3)8-4-6-9(11)7-5-8/h4-7,11H,1-3H3",ER aromatic
"InChI=1S/C10H14O/c1-10(2,3)8-4-6-9(11)7-5-8/h4-7,11H,1-3H3",ER aromatic
"InChI=1S/C10H14O/c1-10(2,3)8-4-6-9(11)7-5-8/h4-7,11H,1-3H3",ER aromatic
"InChI=1S/C7H8O2/c1-9-7-4-2-3-6(8)5-7/h2-5,8H,1H3",ER aromatic
"InChI=1S/C7H8O2/c1-9-7-4-2-3-6(8)5-7/h2-5,8H,1H3",ER aromatic
"InChI=1S/C7H8O2/c1-9-7-4-2-3-6(8)5-7/h2-5,8H,1H3",ER aromatic
"InChI=1S/C7H8O2/c1-9-7-4-2-3-6(8)5-7/h2-5,8H,1H3",ER aromatic
"InChI=1S/C7H8O2/c1-9-7-4-2-3-6(8)5-7/h2-5,8H,1H3",ER aromatic
"InChI=1S/C7H8O2/c1-9-7-5-3-2-4-6(7)8/h2-5,8H,1H3",ER aromatic
"InChI=1S/C7H8O2/c1-9-7-5-3-2-4-6(7)8/h2-5,8H,1H3",ER aromatic
"InChI=1S/C7H8O2/c1-9-7-5-3-2-4-6(7)8/h2-5,8H,1H3",ER aromatic
"InChI=1S/C7H8O2/c1-9-7-5-3-2-4-6(7)8/h2-5,8H,1H3",ER aromatic
"InChI=1S/C7H8O2/c1-9-7-5-3-2-4-6(7)8/h2-5,8H,1H3",ER aromatic
"InChI=1S/C8H10O/c1-6-3-4-8(9)5-7(6)2/h3-5,9H,1-2H3",ER aromatic
"InChI=1S/C8H10O/c1-6-3-4-8(9)5-7(6)2/h3-5,9H,1-2H3",ER aromatic
"InChI=1S/C8H10O/c1-6-3-4-8(9)5-7(6)2/h3-5,9H,1-2H3",ER aromatic
"InChI=1S/C8H10O/c1-6-3-4-8(9)5-7(6)2/h3-5,9H,1-2H3",ER aromatic
"InChI=1S/C8H10O/c1-6-3-4-8(9)5-7(6)2/h3-5,9H,1-2H3",ER aromatic
"InChI=1S/C10H8O/c11-10-6-5-8-3-1-2-4-9(8)7-10/h1-7,11H",ER aromatic
"InChI=1S/C10H8O/c11-10-6-5-8-3-1-2-4-9(8)7-10/h1-7,11H",ER aromatic
"InChI=1S/C10H8O/c11-10-6-5-8-3-1-2-4-9(8)7-10/h1-7,11H",ER aromatic
"InChI=1S/C10H8O/c11-10-6-5-8-3-1-2-4-9(8)7-10/h1-7,11H",ER aromatic
"InChI=1S/C10H8O/c11-10-6-5-8-3-1-2-4-9(8)7-10/h1-7,11H",ER aromatic
"InChI=1S/C10H8O/c11-10-6-5-8-3-1-2-4-9(8)7-10/h1-7,11H",ER aromatic
"InChI=1S/C10H8O/c11-10-6-5-8-3-1-2-4-9(8)7-10/h1-7,11H",ER aromatic
"InChI=1S/C8H10O2/c1-6-3-4-7(9)8(5-6)10-2/h3-5,9H,1-2H3",ER aromatic
"InChI=1S/C8H10O2/c1-6-3-4-7(9)8(5-6)10-2/h3-5,9H,1-2H3",ER aromatic
"InChI=1S/C8H10O2/c1-6-3-4-7(9)8(5-6)10-2/h3-5,9H,1-2H3",ER aromatic
"InChI=1S/C8H10O2/c1-6-3-4-7(9)8(5-6)10-2/h3-5,9H,1-2H3",ER aromatic
"InChI=1S/C8H10O2/c1-6-3-4-7(9)8(5-6)10-2/h3-5,9H,1-2H3",ER aromatic
"InChI=1S/C6H6O/c7-6-4-2-1-3-5-6/h1-5,7H",ER aromatic
"InChI=1S/C6H6O/c7-6-4-2-1-3-5-6/h1-5,7H",ER aromatic
"InChI=1S/C6H6O/c7-6-4-2-1-3-5-6/h1-5,7H",ER aromatic
"InChI=1S/C7H5F3O/c8-7(9,10)5-1-3-6(11)4-2-5/h1-4,11H",ED aromatic
"InChI=1S/C7H5F3O/c8-7(9,10)5-1-3-6(11)4-2-5/h1-4,11H",ED aromatic
"InChI=1S/C6H5ClO/c7-5-2-1-3-6(8)4-5/h1-4,8H",ER aromatic
"InChI=1S/C6H5ClO/c7-5-2-1-3-6(8)4-5/h1-4,8H",ER aromatic
"InChI=1S/C6H5ClO/c7-5-2-1-3-6(8)4-5/h1-4,8H",ER aromatic
"InChI=1S/C6H5ClO/c7-5-2-1-3-6(8)4-5/h1-4,8H",ER aromatic
"InChI=1S/C9H10O3/c1-2-12-9(11)7-4-3-5-8(10)6-7/h3-6,10H,2H2,1H3",ED aromatic
"InChI=1S/C9H10O3/c1-2-12-9(11)7-4-3-5-8(10)6-7/h3-6,10H,2H2,1H3",ED aromatic
"InChI=1S/C9H10O3/c1-2-12-9(11)7-4-3-5-8(10)6-7/h3-6,10H,2H2,1H3",ED aromatic
"InChI=1S/C9H10O3/c1-2-12-9(11)7-4-3-5-8(10)6-7/h3-6,10H,2H2,1H3",ED aromatic
"InChI=1S/C9H10O3/c1-2-12-9(11)7-4-3-5-8(10)6-7/h3-6,10H,2H2,1H3",ED aromatic
"InChI=1S/C9H10O3/c1-2-12-9(11)7-4-3-5-8(10)6-7/h3-6,10H,2H2,1H3",ED aromatic
"InChI=1S/C9H10O3/c1-2-12-9(11)7-3-5-8(10)6-4-7/h3-6,10H,2H2,1H3",ED aromatic
"InChI=1S/C9H10O3/c1-2-12-9(11)7-3-5-8(10)6-4-7/h3-6,10H,2H2,1H3",ED aromatic
"InChI=1S/C9H10O3/c1-2-12-9(11)7-3-5-8(10)6-4-7/h3-6,10H,2H2,1H3",ED aromatic
"InChI=1S/C9H10O3/c1-2-12-9(11)7-3-5-8(10)6-4-7/h3-6,10H,2H2,1H3",ED aromatic
"InChI=1S/C9H10O3/c1-2-12-9(11)7-3-5-8(10)6-4-7/h3-6,10H,2H2,1H3",ED aromatic
"InChI=1S/C9H10O3/c1-2-12-9(11)7-3-5-8(10)6-4-7/h3-6,10H,2H2,1H3",ED aromatic
"InChI=1S/C6H5FO/c7-5-1-3-6(8)4-2-5/h1-4,8H",ED aromatic
"InChI=1S/C6H5FO/c7-5-1-3-6(8)4-2-5/h1-4,8H",ED aromatic
"InChI=1S/C6H4Cl2O/c7-4-1-2-6(9)5(8)3-4/h1-3,9H",ED aromatic
"InChI=1S/C6H4Cl2O/c7-4-1-2-6(9)5(8)3-4/h1-3,9H",ED aromatic
"InChI=1S/C6H4Cl2O/c7-4-1-2-6(9)5(8)3-4/h1-3,9H",ED aromatic
"InChI=1S/C7H5NO/c8-5-6-1-3-7(9)4-2-6/h1-4,9H",ED aromatic
"InChI=1S/C7H5NO/c8-5-6-1-3-7(9)4-2-6/h1-4,9H",ED aromatic
"InChI=1S/C9H11NO2/c1-3-12-9(11)8-7(2)5-4-6-10-8/h4-6H,3H2,1-2H3",pyridine and pyrimidine
"InChI=1S/C9H11NO2/c1-3-12-9(11)8-7(2)5-4-6-10-8/h4-6H,3H2,1-2H3",pyridine and pyrimidine
"InChI=1S/C9H11NO2/c1-3-12-9(11)8-7(2)5-4-6-10-8/h4-6H,3H2,1-2H3",pyridine and pyrimidine
"InChI=1S/C9H11NO2/c1-3-12-9(11)8-7(2)5-4-6-10-8/h4-6H,3H2,1-2H3",pyridine and pyrimidine
"InChI=1S/C9H11NO2/c1-3-12-9(11)8-7(2)5-4-6-10-8/h4-6H,3H2,1-2H3",pyridine and pyrimidine
"InChI=1S/C9H11NO2/c1-3-12-9(11)8-7(2)5-4-6-10-8/h4-6H,3H2,1-2H3",pyridine and pyrimidine
"InChI=1S/C12H13NO2/c1-3-15-12(14)10-4-5-11-9(8-10)6-7-13(11)2/h4-8H,3H2,1-2H3",indole
"InChI=1S/C12H13NO2/c1-3-15-12(14)10-4-5-11-9(8-10)6-7-13(11)2/h4-8H,3H2,1-2H3",indole
"InChI=1S/C12H13NO2/c1-3-15-12(14)10-4-5-11-9(8-10)6-7-13(11)2/h4-8H,3H2,1-2H3",indole
"InChI=1S/C12H13NO2/c1-3-15-12(14)10-4-5-11-9(8-10)6-7-13(11)2/h4-8H,3H2,1-2H3",indole
"InChI=1S/C12H13NO2/c1-3-15-12(14)10-4-5-11-9(8-10)6-7-13(11)2/h4-8H,3H2,1-2H3",indole
"InChI=1S/C12H13NO2/c1-3-15-12(14)10-4-5-11-9(8-10)6-7-13(11)2/h4-8H,3H2,1-2H3",indole
"InChI=1S/C12H15N/c1-4-10-6-2-8-13-9-3-7-11(5-1)12(10)13/h1,4-5H,2-3,6-9H2",quinoline
"InChI=1S/C12H15N/c1-4-10-6-2-8-13-9-3-7-11(5-1)12(10)13/h1,4-5H,2-3,6-9H2",quinoline
"InChI=1S/C12H15N/c1-4-10-6-2-8-13-9-3-7-11(5-1)12(10)13/h1,4-5H,2-3,6-9H2",quinoline
"InChI=1S/C12H15N/c1-4-10-6-2-8-13-9-3-7-11(5-1)12(10)13/h1,4-5H,2-3,6-9H2",quinoline
"InChI=1S/C12H15N/c1-4-10-6-2-8-13-9-3-7-11(5-1)12(10)13/h1,4-5H,2-3,6-9H2",quinoline
"InChI=1S/C19H31NO/c1-3-5-7-12-16-20(17-13-8-6-4-2)19(21)18-14-10-9-11-15-18/h9-11,14-15H,3-8,12-13,16-17H2,1-2H3",aliphatic- nitrogen
"InChI=1S/C19H31NO/c1-3-5-7-12-16-20(17-13-8-6-4-2)19(21)18-14-10-9-11-15-18/h9-11,14-15H,3-8,12-13,16-17H2,1-2H3",aliphatic- nitrogen
"InChI=1S/C19H31NO/c1-3-5-7-12-16-20(17-13-8-6-4-2)19(21)18-14-10-9-11-15-18/h9-11,14-15H,3-8,12-13,16-17H2,1-2H3",aliphatic- nitrogen
"InChI=1S/C19H31NO/c1-3-5-7-12-16-20(17-13-8-6-4-2)19(21)18-14-10-9-11-15-18/h9-11,14-15H,3-8,12-13,16-17H2,1-2H3",aliphatic- nitrogen
"InChI=1S/C19H31NO/c1-3-5-7-12-16-20(17-13-8-6-4-2)19(21)18-14-10-9-11-15-18/h9-11,14-15H,3-8,12-13,16-17H2,1-2H3",aliphatic- nitrogen
"InChI=1S/C19H31NO/c1-3-5-7-12-16-20(17-13-8-6-4-2)19(21)18-14-10-9-11-15-18/h9-11,14-15H,3-8,12-13,16-17H2,1-2H3",aliphatic- nitrogen
"InChI=1S/C19H31NO/c1-3-5-7-12-16-20(17-13-8-6-4-2)19(21)18-14-10-9-11-15-18/h9-11,14-15H,3-8,12-13,16-17H2,1-2H3",aliphatic- nitrogen
"InChI=1S/C19H31NO/c1-3-5-7-12-16-20(17-13-8-6-4-2)19(21)18-14-10-9-11-15-18/h9-11,14-15H,3-8,12-13,16-17H2,1-2H3",aliphatic- nitrogen
"InChI=1S/C19H31NO/c1-3-5-7-12-16-20(17-13-8-6-4-2)19(21)18-14-10-9-11-15-18/h9-11,14-15H,3-8,12-13,16-17H2,1-2H3",aliphatic- nitrogen
"InChI=1S/C10H5ClF3N/c11-8-3-4-15-9-5-6(10(12,13)14)1-2-7(8)9/h1-5H",quinoline
"InChI=1S/C10H5ClF3N/c11-8-3-4-15-9-5-6(10(12,13)14)1-2-7(8)9/h1-5H",quinoline
"InChI=1S/C10H5ClF3N/c11-8-3-4-15-9-5-6(10(12,13)14)1-2-7(8)9/h1-5H",quinoline
"InChI=1S/C10H5ClF3N/c11-8-3-4-15-9-5-6(10(12,13)14)1-2-7(8)9/h1-5H",quinoline
"InChI=1S/C10H5ClF3N/c11-8-3-4-15-9-5-6(10(12,13)14)1-2-7(8)9/h1-5H",quinoline
InChI=1S/C9H5Cl2N/c10-6-1-2-7-8(11)3-4-12-9(7)5-6/h1-5H,quinoline
InChI=1S/C9H5Cl2N/c10-6-1-2-7-8(11)3-4-12-9(7)5-6/h1-5H,quinoline
InChI=1S/C9H5Cl2N/c10-6-1-2-7-8(11)3-4-12-9(7)5-6/h1-5H,quinoline
InChI=1S/C9H5Cl2N/c10-6-1-2-7-8(11)3-4-12-9(7)5-6/h1-5H,quinoline
InChI=1S/C9H5Cl2N/c10-6-1-2-7-8(11)3-4-12-9(7)5-6/h1-5H,quinoline
"InChI=1S/C11H22/c1-2-3-5-8-11-9-6-4-7-10-11/h11H,2-10H2,1H3",aliphatic
"InChI=1S/C11H22/c1-2-3-5-8-11-9-6-4-7-10-11/h11H,2-10H2,1H3",aliphatic
"InChI=1S/C11H22/c1-2-3-5-8-11-9-6-4-7-10-11/h11H,2-10H2,1H3",aliphatic
"InChI=1S/C11H22/c1-2-3-5-8-11-9-6-4-7-10-11/h11H,2-10H2,1H3",aliphatic
"InChI=1S/C11H22/c1-2-3-5-8-11-9-6-4-7-10-11/h11H,2-10H2,1H3",aliphatic
"InChI=1S/C11H22/c1-2-3-5-8-11-9-6-4-7-10-11/h11H,2-10H2,1H3",aliphatic
"InChI=1S/C11H22/c1-2-3-5-8-11-9-6-4-7-10-11/h11H,2-10H2,1H3",aliphatic
"InChI=1S/C11H22/c1-2-3-5-8-11-9-6-4-7-10-11/h11H,2-10H2,1H3",aliphatic
"InChI=1S/C11H23N/c1-2-3-4-6-9-12-10-7-5-8-11-12/h2-11H2,1H3",aliphatic- nitrogen
"InChI=1S/C11H23N/c1-2-3-4-6-9-12-10-7-5-8-11-12/h2-11H2,1H3",aliphatic- nitrogen
"InChI=1S/C11H23N/c1-2-3-4-6-9-12-10-7-5-8-11-12/h2-11H2,1H3",aliphatic- nitrogen
"InChI=1S/C11H23N/c1-2-3-4-6-9-12-10-7-5-8-11-12/h2-11H2,1H3",aliphatic- nitrogen
"InChI=1S/C11H23N/c1-2-3-4-6-9-12-10-7-5-8-11-12/h2-11H2,1H3",aliphatic- nitrogen
"InChI=1S/C11H23N/c1-2-3-4-6-9-12-10-7-5-8-11-12/h2-11H2,1H3",aliphatic- nitrogen
"InChI=1S/C11H23N/c1-2-3-4-6-9-12-10-7-5-8-11-12/h2-11H2,1H3",aliphatic- nitrogen
"InChI=1S/C11H23N/c1-2-3-4-6-9-12-10-7-5-8-11-12/h2-11H2,1H3",aliphatic- nitrogen
"InChI=1S/C11H23N/c1-2-3-4-6-9-12-10-7-5-8-11-12/h2-11H2,1H3",aliphatic- nitrogen
"InChI=1S/C10H20O/c1-7(2)9-5-4-8(3)6-10(9)11/h7-11H,4-6H2,1-3H3",aliphatic- oxygen
"InChI=1S/C10H20O/c1-7(2)9-5-4-8(3)6-10(9)11/h7-11H,4-6H2,1-3H3",aliphatic- oxygen
"InChI=1S/C10H20O/c1-7(2)9-5-4-8(3)6-10(9)11/h7-11H,4-6H2,1-3H3",aliphatic- oxygen
"InChI=1S/C10H20O/c1-7(2)9-5-4-8(3)6-10(9)11/h7-11H,4-6H2,1-3H3",aliphatic- oxygen
"InChI=1S/C10H20O/c1-7(2)9-5-4-8(3)6-10(9)11/h7-11H,4-6H2,1-3H3",aliphatic- oxygen
"InChI=1S/C10H20O/c1-7(2)9-5-4-8(3)6-10(9)11/h7-11H,4-6H2,1-3H3",aliphatic- oxygen
"InChI=1S/C10H20O/c1-7(2)9-5-4-8(3)6-10(9)11/h7-11H,4-6H2,1-3H3",aliphatic- oxygen
"InChI=1S/C10H20O/c1-7(2)9-5-4-8(3)6-10(9)11/h7-11H,4-6H2,1-3H3",aliphatic- oxygen
"InChI=1S/C10H20O/c1-2-3-7-10(11)8-5-4-6-9-10/h11H,2-9H2,1H3",aliphatic- oxygen
"InChI=1S/C10H20O/c1-2-3-7-10(11)8-5-4-6-9-10/h11H,2-9H2,1H3",aliphatic- oxygen
"InChI=1S/C10H20O/c1-2-3-7-10(11)8-5-4-6-9-10/h11H,2-9H2,1H3",aliphatic- oxygen
"InChI=1S/C10H20O/c1-2-3-7-10(11)8-5-4-6-9-10/h11H,2-9H2,1H3",aliphatic- oxygen
"InChI=1S/C10H20O/c1-2-3-7-10(11)8-5-4-6-9-10/h11H,2-9H2,1H3",aliphatic- oxygen
"InChI=1S/C10H20O/c1-2-3-7-10(11)8-5-4-6-9-10/h11H,2-9H2,1H3",aliphatic- oxygen
"InChI=1S/C10H20O/c1-2-3-7-10(11)8-5-4-6-9-10/h11H,2-9H2,1H3",aliphatic- oxygen
"InChI=1S/C8H14O2/c1-8(2,3)10-7(9)6-4-5-6/h6H,4-5H2,1-3H3",aliphatic- oxygen
"InChI=1S/C8H14O2/c1-8(2,3)10-7(9)6-4-5-6/h6H,4-5H2,1-3H3",aliphatic- oxygen
"InChI=1S/C8H14O2/c1-8(2,3)10-7(9)6-4-5-6/h6H,4-5H2,1-3H3",aliphatic- oxygen
"InChI=1S/C10H18O2/c1-9(2)7-11-10(12-8-9)5-3-4-6-10/h3-8H2,1-2H3",aliphatic- oxygen
"InChI=1S/C10H18O2/c1-9(2)7-11-10(12-8-9)5-3-4-6-10/h3-8H2,1-2H3",aliphatic- oxygen
"InChI=1S/C10H18O2/c1-9(2)7-11-10(12-8-9)5-3-4-6-10/h3-8H2,1-2H3",aliphatic- oxygen
"InChI=1S/C10H18O2/c1-9(2)7-11-10(12-8-9)5-3-4-6-10/h3-8H2,1-2H3",aliphatic- oxygen
"InChI=1S/C12H21NO2/c1-12(2,3)15-11(14)13-7-9-5-4-6-10(9)8-13/h9-10H,4-8H2,1-3H3",aliphatic- nitrogen
"InChI=1S/C12H21NO2/c1-12(2,3)15-11(14)13-7-9-5-4-6-10(9)8-13/h9-10H,4-8H2,1-3H3",aliphatic- nitrogen
"InChI=1S/C12H21NO2/c1-12(2,3)15-11(14)13-7-9-5-4-6-10(9)8-13/h9-10H,4-8H2,1-3H3",aliphatic- nitrogen
"InChI=1S/C12H21NO2/c1-12(2,3)15-11(14)13-7-9-5-4-6-10(9)8-13/h9-10H,4-8H2,1-3H3",aliphatic- nitrogen
"InChI=1S/C12H21NO2/c1-12(2,3)15-11(14)13-7-9-5-4-6-10(9)8-13/h9-10H,4-8H2,1-3H3",aliphatic- nitrogen
InChI=1S/C5H10O/c1-2-4-6-5-3-1/h1-5H2,aliphatic- oxygen
InChI=1S/C5H10O/c1-2-4-6-5-3-1/h1-5H2,aliphatic- oxygen
InChI=1S/C5H10O/c1-2-4-6-5-3-1/h1-5H2,aliphatic- oxygen
"InChI=1S/C8H15NO2/c1-8(2,3)11-7(10)9-5-4-6-9/h4-6H2,1-3H3",aliphatic- nitrogen
"InChI=1S/C8H15NO2/c1-8(2,3)11-7(10)9-5-4-6-9/h4-6H2,1-3H3",aliphatic- nitrogen
"InChI=1S/C8H15NO2/c1-8(2,3)11-7(10)9-5-4-6-9/h4-6H2,1-3H3",aliphatic- nitrogen
"InChI=1S/C9H17NO2/c1-9(2,3)12-8(11)10-6-4-5-7-10/h4-7H2,1-3H3",aliphatic- nitrogen
"InChI=1S/C9H17NO2/c1-9(2,3)12-8(11)10-6-4-5-7-10/h4-7H2,1-3H3",aliphatic- nitrogen
"InChI=1S/C9H17NO2/c1-9(2,3)12-8(11)10-6-4-5-7-10/h4-7H2,1-3H3",aliphatic- nitrogen
"InChI=1S/C10H19NO2/c1-10(2,3)13-9(12)11-7-5-4-6-8-11/h4-8H2,1-3H3",aliphatic- nitrogen
"InChI=1S/C10H19NO2/c1-10(2,3)13-9(12)11-7-5-4-6-8-11/h4-8H2,1-3H3",aliphatic- nitrogen
"InChI=1S/C10H19NO2/c1-10(2,3)13-9(12)11-7-5-4-6-8-11/h4-8H2,1-3H3",aliphatic- nitrogen
"InChI=1S/C10H19NO2/c1-10(2,3)13-9(12)11-7-5-4-6-8-11/h4-8H2,1-3H3",aliphatic- nitrogen
"InChI=1S/C10H19NO/c1-10(2,3)9(12)11-7-5-4-6-8-11/h4-8H2,1-3H3",aliphatic- nitrogen
"InChI=1S/C10H19NO/c1-10(2,3)9(12)11-7-5-4-6-8-11/h4-8H2,1-3H3",aliphatic- nitrogen
"InChI=1S/C10H19NO/c1-10(2,3)9(12)11-7-5-4-6-8-11/h4-8H2,1-3H3",aliphatic- nitrogen
"InChI=1S/C10H19NO/c1-10(2,3)9(12)11-7-5-4-6-8-11/h4-8H2,1-3H3",aliphatic- nitrogen
"InChI=1S/C8H12F3NO/c9-8(10,11)7(13)12-5-3-1-2-4-6-12/h1-6H2",aliphatic- nitrogen
"InChI=1S/C8H12F3NO/c9-8(10,11)7(13)12-5-3-1-2-4-6-12/h1-6H2",aliphatic- nitrogen
"InChI=1S/C8H12F3NO/c9-8(10,11)7(13)12-5-3-1-2-4-6-12/h1-6H2",aliphatic- nitrogen
"InChI=1S/C8H15NO2/c1-8(2,3)11-7(10)9-6-4-5-6/h6H,4-5H2,1-3H3,(H,9,10)",aliphatic- nitrogen
"InChI=1S/C8H15NO2/c1-8(2,3)11-7(10)9-6-4-5-6/h6H,4-5H2,1-3H3,(H,9,10)",aliphatic- nitrogen
"InChI=1S/C8H15NO2/c1-8(2,3)11-7(10)9-6-4-5-6/h6H,4-5H2,1-3H3,(H,9,10)",aliphatic- nitrogen
"InChI=1S/C11H21NO/c1-5-6-8-7-9(8)12-10(13)11(2,3)4/h8-9H,5-7H2,1-4H3,(H,12,13)",aliphatic- nitrogen
"InChI=1S/C11H21NO/c1-5-6-8-7-9(8)12-10(13)11(2,3)4/h8-9H,5-7H2,1-4H3,(H,12,13)",aliphatic- nitrogen
"InChI=1S/C11H21NO/c1-5-6-8-7-9(8)12-10(13)11(2,3)4/h8-9H,5-7H2,1-4H3,(H,12,13)",aliphatic- nitrogen
"InChI=1S/C11H21NO/c1-5-6-8-7-9(8)12-10(13)11(2,3)4/h8-9H,5-7H2,1-4H3,(H,12,13)",aliphatic- nitrogen
"InChI=1S/C11H21NO/c1-5-6-8-7-9(8)12-10(13)11(2,3)4/h8-9H,5-7H2,1-4H3,(H,12,13)",aliphatic- nitrogen
"InChI=1S/C11H21NO/c1-5-6-8-7-9(8)12-10(13)11(2,3)4/h8-9H,5-7H2,1-4H3,(H,12,13)",aliphatic- nitrogen
"InChI=1S/C12H16ClNO2/c1-12(2,3)16-11(15)14(4)10-7-5-6-9(13)8-10/h5-8H,1-4H3",ED aromatic
"InChI=1S/C12H16ClNO2/c1-12(2,3)16-11(15)14(4)10-7-5-6-9(13)8-10/h5-8H,1-4H3",ED aromatic
"InChI=1S/C12H16ClNO2/c1-12(2,3)16-11(15)14(4)10-7-5-6-9(13)8-10/h5-8H,1-4H3",ED aromatic
"InChI=1S/C12H16ClNO2/c1-12(2,3)16-11(15)14(4)10-7-5-6-9(13)8-10/h5-8H,1-4H3",ED aromatic
"InChI=1S/C12H16ClNO2/c1-12(2,3)16-11(15)14(4)10-7-5-6-9(13)8-10/h5-8H,1-4H3",ED aromatic
"InChI=1S/C16H22ClNO4/c1-15(2,3)21-13(19)18(14(20)22-16(4,5)6)12-9-7-8-11(17)10-12/h7-10H,1-6H3",ED aromatic
"InChI=1S/C16H22ClNO4/c1-15(2,3)21-13(19)18(14(20)22-16(4,5)6)12-9-7-8-11(17)10-12/h7-10H,1-6H3",ED aromatic
"InChI=1S/C16H22ClNO4/c1-15(2,3)21-13(19)18(14(20)22-16(4,5)6)12-9-7-8-11(17)10-12/h7-10H,1-6H3",ED aromatic
"InChI=1S/C16H22ClNO4/c1-15(2,3)21-13(19)18(14(20)22-16(4,5)6)12-9-7-8-11(17)10-12/h7-10H,1-6H3",ED aromatic
"InChI=1S/C16H22ClNO4/c1-15(2,3)21-13(19)18(14(20)22-16(4,5)6)12-9-7-8-11(17)10-12/h7-10H,1-6H3",ED aromatic
"InChI=1S/C12H14F3NO2/c1-11(2,3)18-10(17)16-9-6-4-8(5-7-9)12(13,14)15/h4-7H,1-3H3,(H,16,17)",ED aromatic
"InChI=1S/C12H14F3NO2/c1-11(2,3)18-10(17)16-9-6-4-8(5-7-9)12(13,14)15/h4-7H,1-3H3,(H,16,17)",ED aromatic
"InChI=1S/C12H14F3NO2/c1-11(2,3)18-10(17)16-9-6-4-8(5-7-9)12(13,14)15/h4-7H,1-3H3,(H,16,17)",ED aromatic
"InChI=1S/C11H14ClNO2/c1-11(2,3)15-10(14)13-9-6-4-8(12)5-7-9/h4-7H,1-3H3,(H,13,14)",ED aromatic
"InChI=1S/C11H14ClNO2/c1-11(2,3)15-10(14)13-9-6-4-8(12)5-7-9/h4-7H,1-3H3,(H,13,14)",ED aromatic
"InChI=1S/C11H14ClNO2/c1-11(2,3)15-10(14)13-9-6-4-8(12)5-7-9/h4-7H,1-3H3,(H,13,14)",ED aromatic
"InChI=1S/C14H19ClN2O4/c1-14(2,3)21-12(18)16-9-6-7-11(10(15)8-9)20-13(19)17(4)5/h6-8H,1-5H3,(H,16,18)",ED aromatic
"InChI=1S/C14H19ClN2O4/c1-14(2,3)21-12(18)16-9-6-7-11(10(15)8-9)20-13(19)17(4)5/h6-8H,1-5H3,(H,16,18)",ED aromatic
"InChI=1S/C14H19ClN2O4/c1-14(2,3)21-12(18)16-9-6-7-11(10(15)8-9)20-13(19)17(4)5/h6-8H,1-5H3,(H,16,18)",ED aromatic
"InChI=1S/C14H19ClN2O4/c1-14(2,3)21-12(18)16-9-6-7-11(10(15)8-9)20-13(19)17(4)5/h6-8H,1-5H3,(H,16,18)",ED aromatic
"InChI=1S/C14H19ClN2O4/c1-14(2,3)21-12(18)16-9-6-7-11(10(15)8-9)20-13(19)17(4)5/h6-8H,1-5H3,(H,16,18)",ED aromatic
"InChI=1S/C12H16ClNO/c1-12(2,3)8-11(15)14-10-6-4-5-9(13)7-10/h4-7H,8H2,1-3H3,(H,14,15)",ED aromatic
"InChI=1S/C12H16ClNO/c1-12(2,3)8-11(15)14-10-6-4-5-9(13)7-10/h4-7H,8H2,1-3H3,(H,14,15)",ED aromatic
"InChI=1S/C12H16ClNO/c1-12(2,3)8-11(15)14-10-6-4-5-9(13)7-10/h4-7H,8H2,1-3H3,(H,14,15)",ED aromatic
"InChI=1S/C12H16ClNO/c1-12(2,3)8-11(15)14-10-6-4-5-9(13)7-10/h4-7H,8H2,1-3H3,(H,14,15)",ED aromatic
"InChI=1S/C12H16ClNO/c1-12(2,3)8-11(15)14-10-6-4-5-9(13)7-10/h4-7H,8H2,1-3H3,(H,14,15)",ED aromatic
"InChI=1S/C11H14ClNO2/c1-11(2,3)13-10(14)15-9-6-4-5-8(12)7-9/h4-7H,1-3H3,(H,13,14)",ED aromatic
"InChI=1S/C11H14ClNO2/c1-11(2,3)13-10(14)15-9-6-4-5-8(12)7-9/h4-7H,1-3H3,(H,13,14)",ED aromatic
"InChI=1S/C11H14ClNO2/c1-11(2,3)13-10(14)15-9-6-4-5-8(12)7-9/h4-7H,1-3H3,(H,13,14)",ED aromatic
"InChI=1S/C11H14ClNO2/c1-11(2,3)13-10(14)15-9-6-4-5-8(12)7-9/h4-7H,1-3H3,(H,13,14)",ED aromatic
"InChI=1S/C11H14ClNO2/c1-11(2,3)13-10(14)15-9-6-4-5-8(12)7-9/h4-7H,1-3H3,(H,13,14)",ED aromatic
"InChI=1S/C11H14ClNO2/c1-11(2,3)13-10(14)15-9-6-4-5-8(12)7-9/h4-7H,1-3H3,(H,13,14)",ED aromatic
"InChI=1S/C12H16FNO2/c1-8-7-9(5-6-10(8)13)14-11(15)16-12(2,3)4/h5-7H,1-4H3,(H,14,15)",ED aromatic
"InChI=1S/C12H16FNO2/c1-8-7-9(5-6-10(8)13)14-11(15)16-12(2,3)4/h5-7H,1-4H3,(H,14,15)",ED aromatic
"InChI=1S/C12H16FNO2/c1-8-7-9(5-6-10(8)13)14-11(15)16-12(2,3)4/h5-7H,1-4H3,(H,14,15)",ED aromatic
"InChI=1S/C12H16FNO2/c1-8-7-9(5-6-10(8)13)14-11(15)16-12(2,3)4/h5-7H,1-4H3,(H,14,15)",ED aromatic
"InChI=1S/C11H14ClNO2/c1-11(2,3)15-10(14)13-9-6-4-5-8(12)7-9/h4-7H,1-3H3,(H,13,14)",ED aromatic
"InChI=1S/C11H14ClNO2/c1-11(2,3)15-10(14)13-9-6-4-5-8(12)7-9/h4-7H,1-3H3,(H,13,14)",ED aromatic
"InChI=1S/C11H14ClNO2/c1-11(2,3)15-10(14)13-9-6-4-5-8(12)7-9/h4-7H,1-3H3,(H,13,14)",ED aromatic
"InChI=1S/C11H14ClNO2/c1-11(2,3)15-10(14)13-9-6-4-5-8(12)7-9/h4-7H,1-3H3,(H,13,14)",ED aromatic
"InChI=1S/C11H14ClNO2/c1-11(2,3)15-10(14)13-9-6-4-5-8(12)7-9/h4-7H,1-3H3,(H,13,14)",ED aromatic
"InChI=1S/C11H13ClFNO2/c1-11(2,3)16-10(15)14-7-4-5-8(12)9(13)6-7/h4-6H,1-3H3,(H,14,15)",ED aromatic
"InChI=1S/C11H13ClFNO2/c1-11(2,3)16-10(15)14-7-4-5-8(12)9(13)6-7/h4-6H,1-3H3,(H,14,15)",ED aromatic
"InChI=1S/C11H13ClFNO2/c1-11(2,3)16-10(15)14-7-4-5-8(12)9(13)6-7/h4-6H,1-3H3,(H,14,15)",ED aromatic
"InChI=1S/C11H13ClFNO2/c1-11(2,3)16-10(15)14-7-4-5-8(12)9(13)6-7/h4-6H,1-3H3,(H,14,15)",ED aromatic
"InChI=1S/C12H18/c1-9(2)11-6-5-7-12(8-11)10(3)4/h5-10H,1-4H3",ER aromatic
"InChI=1S/C12H18/c1-9(2)11-6-5-7-12(8-11)10(3)4/h5-10H,1-4H3",ER aromatic
"InChI=1S/C12H18/c1-9(2)11-6-5-7-12(8-11)10(3)4/h5-10H,1-4H3",ER aromatic
"InChI=1S/C12H18/c1-9(2)11-6-5-7-12(8-11)10(3)4/h5-10H,1-4H3",ER aromatic
"InChI=1S/C12H18/c1-9(2)11-6-5-7-12(8-11)10(3)4/h5-10H,1-4H3",ER aromatic
"InChI=1S/C8H4F3N/c9-8(10,11)7-3-1-6(5-12)2-4-7/h1-4H",ED aromatic
"InChI=1S/C8H4F3N/c9-8(10,11)7-3-1-6(5-12)2-4-7/h1-4H",ED aromatic
InChI=1S/C5H3Cl2N/c6-4-2-1-3-8-5(4)7/h1-3H,pyridine and pyrimidine
InChI=1S/C5H3Cl2N/c6-4-2-1-3-8-5(4)7/h1-3H,pyridine and pyrimidine
InChI=1S/C5H3Cl2N/c6-4-2-1-3-8-5(4)7/h1-3H,pyridine and pyrimidine
"InChI=1S/C11H10S/c1-9-2-4-10(5-3-9)11-6-7-12-8-11/h2-8H,1H3",thiophene
"InChI=1S/C11H10S/c1-9-2-4-10(5-3-9)11-6-7-12-8-11/h2-8H,1H3",thiophene
"InChI=1S/C11H10S/c1-9-2-4-10(5-3-9)11-6-7-12-8-11/h2-8H,1H3",thiophene
"InChI=1S/C11H10S/c1-9-2-4-10(5-3-9)11-6-7-12-8-11/h2-8H,1H3",thiophene
"InChI=1S/C11H10S/c1-9-2-4-10(5-3-9)11-6-7-12-8-11/h2-8H,1H3",thiophene
"InChI=1S/C11H10S/c1-9-2-4-10(5-3-9)11-6-7-12-8-11/h2-8H,1H3",thiophene
"InChI=1S/C11H11N/c1-8-3-5-10-6-4-9(2)12-11(10)7-8/h3-7H,1-2H3",quinoline
"InChI=1S/C11H11N/c1-8-3-5-10-6-4-9(2)12-11(10)7-8/h3-7H,1-2H3",quinoline
"InChI=1S/C11H11N/c1-8-3-5-10-6-4-9(2)12-11(10)7-8/h3-7H,1-2H3",quinoline
"InChI=1S/C11H11N/c1-8-3-5-10-6-4-9(2)12-11(10)7-8/h3-7H,1-2H3",quinoline
"InChI=1S/C11H11N/c1-8-3-5-10-6-4-9(2)12-11(10)7-8/h3-7H,1-2H3",quinoline
"InChI=1S/C11H11N/c1-8-3-5-10-6-4-9(2)12-11(10)7-8/h3-7H,1-2H3",quinoline
"InChI=1S/C11H11N/c1-8-3-5-10-6-4-9(2)12-11(10)7-8/h3-7H,1-2H3",quinoline
"InChI=1S/C7H7F5OS/c1-13-6-3-2-4-7(5-6)14(8,9,10,11)12/h2-5H,1H3",ED aromatic
"InChI=1S/C7H7F5OS/c1-13-6-3-2-4-7(5-6)14(8,9,10,11)12/h2-5H,1H3",ED aromatic
"InChI=1S/C7H7F5OS/c1-13-6-3-2-4-7(5-6)14(8,9,10,11)12/h2-5H,1H3",ED aromatic
"InChI=1S/C7H7F5OS/c1-13-6-3-2-4-7(5-6)14(8,9,10,11)12/h2-5H,1H3",ED aromatic
"InChI=1S/C7H7F5OS/c1-13-6-3-2-4-7(5-6)14(8,9,10,11)12/h2-5H,1H3",ED aromatic
"InChI=1S/C7H4F5NS/c8-14(9,10,11,12)7-3-1-2-6(4-7)5-13/h1-4H",ED aromatic
"InChI=1S/C7H4F5NS/c8-14(9,10,11,12)7-3-1-2-6(4-7)5-13/h1-4H",ED aromatic
"InChI=1S/C7H4F5NS/c8-14(9,10,11,12)7-3-1-2-6(4-7)5-13/h1-4H",ED aromatic
"InChI=1S/C7H4F5NS/c8-14(9,10,11,12)7-3-1-2-6(4-7)5-13/h1-4H",ED aromatic
"InChI=1S/C8H7F5O2S/c1-15-8(14)6-3-2-4-7(5-6)16(9,10,11,12)13/h2-5H,1H3",ED aromatic
"InChI=1S/C8H7F5O2S/c1-15-8(14)6-3-2-4-7(5-6)16(9,10,11,12)13/h2-5H,1H3",ED aromatic
"InChI=1S/C8H7F5O2S/c1-15-8(14)6-3-2-4-7(5-6)16(9,10,11,12)13/h2-5H,1H3",ED aromatic
"InChI=1S/C8H7F5O2S/c1-15-8(14)6-3-2-4-7(5-6)16(9,10,11,12)13/h2-5H,1H3",ED aromatic
"InChI=1S/C8H7F5O2S/c1-15-8(14)6-3-2-4-7(5-6)16(9,10,11,12)13/h2-5H,1H3",ED aromatic
"InChI=1S/C8H10F5NS/c1-14(2)7-4-3-5-8(6-7)15(9,10,11,12)13/h3-6H,1-2H3",ED aromatic
"InChI=1S/C8H10F5NS/c1-14(2)7-4-3-5-8(6-7)15(9,10,11,12)13/h3-6H,1-2H3",ED aromatic
"InChI=1S/C8H10F5NS/c1-14(2)7-4-3-5-8(6-7)15(9,10,11,12)13/h3-6H,1-2H3",ED aromatic
"InChI=1S/C8H10F5NS/c1-14(2)7-4-3-5-8(6-7)15(9,10,11,12)13/h3-6H,1-2H3",ED aromatic
"InChI=1S/C8H10F5NS/c1-14(2)7-4-3-5-8(6-7)15(9,10,11,12)13/h3-6H,1-2H3",ED aromatic
"InChI=1S/C6H4ClF5S/c7-5-2-1-3-6(4-5)13(8,9,10,11)12/h1-4H",ED aromatic
"InChI=1S/C6H4ClF5S/c7-5-2-1-3-6(4-5)13(8,9,10,11)12/h1-4H",ED aromatic
"InChI=1S/C6H4ClF5S/c7-5-2-1-3-6(4-5)13(8,9,10,11)12/h1-4H",ED aromatic
"InChI=1S/C6H4ClF5S/c7-5-2-1-3-6(4-5)13(8,9,10,11)12/h1-4H",ED aromatic
"InChI=1S/C13H9ClN2S/c1-17-13-10(8-15)4-7-12(16-13)9-2-5-11(14)6-3-9/h2-7H,1H3",pyridine and pyrimidine
"InChI=1S/C13H9ClN2S/c1-17-13-10(8-15)4-7-12(16-13)9-2-5-11(14)6-3-9/h2-7H,1H3",pyridine and pyrimidine
"InChI=1S/C13H9ClN2S/c1-17-13-10(8-15)4-7-12(16-13)9-2-5-11(14)6-3-9/h2-7H,1H3",pyridine and pyrimidine
"InChI=1S/C13H9ClN2S/c1-17-13-10(8-15)4-7-12(16-13)9-2-5-11(14)6-3-9/h2-7H,1H3",pyridine and pyrimidine
"InChI=1S/C13H9ClN2S/c1-17-13-10(8-15)4-7-12(16-13)9-2-5-11(14)6-3-9/h2-7H,1H3",pyridine and pyrimidine
"InChI=1S/C12H26O/c1-5-6-7-8-9-10-11-13-12(2,3)4/h5-11H2,1-4H3",aliphatic- oxygen
"InChI=1S/C12H26O/c1-5-6-7-8-9-10-11-13-12(2,3)4/h5-11H2,1-4H3",aliphatic- oxygen
"InChI=1S/C12H26O/c1-5-6-7-8-9-10-11-13-12(2,3)4/h5-11H2,1-4H3",aliphatic- oxygen
"InChI=1S/C12H26O/c1-5-6-7-8-9-10-11-13-12(2,3)4/h5-11H2,1-4H3",aliphatic- oxygen
"InChI=1S/C12H26O/c1-5-6-7-8-9-10-11-13-12(2,3)4/h5-11H2,1-4H3",aliphatic- oxygen
"InChI=1S/C12H26O/c1-5-6-7-8-9-10-11-13-12(2,3)4/h5-11H2,1-4H3",aliphatic- oxygen
"InChI=1S/C12H26O/c1-5-6-7-8-9-10-11-13-12(2,3)4/h5-11H2,1-4H3",aliphatic- oxygen
"InChI=1S/C12H26O/c1-5-6-7-8-9-10-11-13-12(2,3)4/h5-11H2,1-4H3",aliphatic- oxygen
"InChI=1S/C12H26O/c1-5-6-7-8-9-10-11-13-12(2,3)4/h5-11H2,1-4H3",aliphatic- oxygen
"InChI=1S/C22H23ClN2O2/c1-2-27-22(26)25-12-9-15(10-13-25)20-19-8-7-18(23)14-17(19)6-5-16-4-3-11-24-21(16)20/h3-4,7-8,11,14H,2,5-6,9-10,12-13H2,1H3",pyridine and pyrimidine
"InChI=1S/C22H23ClN2O2/c1-2-27-22(26)25-12-9-15(10-13-25)20-19-8-7-18(23)14-17(19)6-5-16-4-3-11-24-21(16)20/h3-4,7-8,11,14H,2,5-6,9-10,12-13H2,1H3",pyridine and pyrimidine
"InChI=1S/C22H23ClN2O2/c1-2-27-22(26)25-12-9-15(10-13-25)20-19-8-7-18(23)14-17(19)6-5-16-4-3-11-24-21(16)20/h3-4,7-8,11,14H,2,5-6,9-10,12-13H2,1H3",pyridine and pyrimidine
"InChI=1S/C22H23ClN2O2/c1-2-27-22(26)25-12-9-15(10-13-25)20-19-8-7-18(23)14-17(19)6-5-16-4-3-11-24-21(16)20/h3-4,7-8,11,14H,2,5-6,9-10,12-13H2,1H3",pyridine and pyrimidine
"InChI=1S/C22H23ClN2O2/c1-2-27-22(26)25-12-9-15(10-13-25)20-19-8-7-18(23)14-17(19)6-5-16-4-3-11-24-21(16)20/h3-4,7-8,11,14H,2,5-6,9-10,12-13H2,1H3",pyridine and pyrimidine
"InChI=1S/C22H23ClN2O2/c1-2-27-22(26)25-12-9-15(10-13-25)20-19-8-7-18(23)14-17(19)6-5-16-4-3-11-24-21(16)20/h3-4,7-8,11,14H,2,5-6,9-10,12-13H2,1H3",pyridine and pyrimidine
"InChI=1S/C22H23ClN2O2/c1-2-27-22(26)25-12-9-15(10-13-25)20-19-8-7-18(23)14-17(19)6-5-16-4-3-11-24-21(16)20/h3-4,7-8,11,14H,2,5-6,9-10,12-13H2,1H3",pyridine and pyrimidine
"InChI=1S/C22H23ClN2O2/c1-2-27-22(26)25-12-9-15(10-13-25)20-19-8-7-18(23)14-17(19)6-5-16-4-3-11-24-21(16)20/h3-4,7-8,11,14H,2,5-6,9-10,12-13H2,1H3",pyridine and pyrimidine
"InChI=1S/C22H23ClN2O2/c1-2-27-22(26)25-12-9-15(10-13-25)20-19-8-7-18(23)14-17(19)6-5-16-4-3-11-24-21(16)20/h3-4,7-8,11,14H,2,5-6,9-10,12-13H2,1H3",pyridine and pyrimidine
"InChI=1S/C22H23ClN2O2/c1-2-27-22(26)25-12-9-15(10-13-25)20-19-8-7-18(23)14-17(19)6-5-16-4-3-11-24-21(16)20/h3-4,7-8,11,14H,2,5-6,9-10,12-13H2,1H3",pyridine and pyrimidine
"InChI=1S/C22H23ClN2O2/c1-2-27-22(26)25-12-9-15(10-13-25)20-19-8-7-18(23)14-17(19)6-5-16-4-3-11-24-21(16)20/h3-4,7-8,11,14H,2,5-6,9-10,12-13H2,1H3",pyridine and pyrimidine
"InChI=1S/C22H23ClN2O2/c1-2-27-22(26)25-12-9-15(10-13-25)20-19-8-7-18(23)14-17(19)6-5-16-4-3-11-24-21(16)20/h3-4,7-8,11,14H,2,5-6,9-10,12-13H2,1H3",pyridine and pyrimidine
"InChI=1S/C22H23ClN2O2/c1-2-27-22(26)25-12-9-15(10-13-25)20-19-8-7-18(23)14-17(19)6-5-16-4-3-11-24-21(16)20/h3-4,7-8,11,14H,2,5-6,9-10,12-13H2,1H3",pyridine and pyrimidine
"InChI=1S/C22H23ClN2O2/c1-2-27-22(26)25-12-9-15(10-13-25)20-19-8-7-18(23)14-17(19)6-5-16-4-3-11-24-21(16)20/h3-4,7-8,11,14H,2,5-6,9-10,12-13H2,1H3",pyridine and pyrimidine
"InChI=1S/C6H6O3/c1-8-6(7)5-3-2-4-9-5/h2-4H,1H3",furan
"InChI=1S/C6H6O3/c1-8-6(7)5-3-2-4-9-5/h2-4H,1H3",furan
"InChI=1S/C6H6O3/c1-8-6(7)5-3-2-4-9-5/h2-4H,1H3",furan
"InChI=1S/C6H6O3/c1-8-6(7)5-3-2-4-9-5/h2-4H,1H3",furan
"InChI=1S/C7H14Cl2Si/c1-10(8,9)7-5-3-2-4-6-7/h7H,2-6H2,1H3",aliphatic
"InChI=1S/C7H14Cl2Si/c1-10(8,9)7-5-3-2-4-6-7/h7H,2-6H2,1H3",aliphatic
"InChI=1S/C7H14Cl2Si/c1-10(8,9)7-5-3-2-4-6-7/h7H,2-6H2,1H3",aliphatic
"InChI=1S/C7H14Cl2Si/c1-10(8,9)7-5-3-2-4-6-7/h7H,2-6H2,1H3",aliphatic
"InChI=1S/C7H14Cl2Si/c1-10(8,9)7-5-3-2-4-6-7/h7H,2-6H2,1H3",aliphatic
"InChI=1S/C9H12O/c1-7-5-4-6-8(2)9(7)10-3/h4-6H,1-3H3",ER aromatic
"InChI=1S/C9H12O/c1-7-5-4-6-8(2)9(7)10-3/h4-6H,1-3H3",ER aromatic
"InChI=1S/C9H12O/c1-7-5-4-6-8(2)9(7)10-3/h4-6H,1-3H3",ER aromatic
"InChI=1S/C9H12O/c1-7-5-4-6-8(2)9(7)10-3/h4-6H,1-3H3",ER aromatic
"InChI=1S/C12H26/c1-3-5-7-9-11-12-10-8-6-4-2/h3-12H2,1-2H3",aliphatic
"InChI=1S/C12H26/c1-3-5-7-9-11-12-10-8-6-4-2/h3-12H2,1-2H3",aliphatic
"InChI=1S/C12H26/c1-3-5-7-9-11-12-10-8-6-4-2/h3-12H2,1-2H3",aliphatic
"InChI=1S/C12H26/c1-3-5-7-9-11-12-10-8-6-4-2/h3-12H2,1-2H3",aliphatic
"InChI=1S/C12H26/c1-3-5-7-9-11-12-10-8-6-4-2/h3-12H2,1-2H3",aliphatic
"InChI=1S/C12H26/c1-3-5-7-9-11-12-10-8-6-4-2/h3-12H2,1-2H3",aliphatic
"InChI=1S/C20H20N2O4/c1-25-19(23)18(11-15-12-21-17-10-6-5-9-16(15)17)22-20(24)26-13-14-7-3-2-4-8-14/h2-10,12,18,21H,11,13H2,1H3,(H,22,24)/t18-/m0/s1",indole
"InChI=1S/C20H20N2O4/c1-25-19(23)18(11-15-12-21-17-10-6-5-9-16(15)17)22-20(24)26-13-14-7-3-2-4-8-14/h2-10,12,18,21H,11,13H2,1H3,(H,22,24)/t18-/m0/s1",indole
"InChI=1S/C20H20N2O4/c1-25-19(23)18(11-15-12-21-17-10-6-5-9-16(15)17)22-20(24)26-13-14-7-3-2-4-8-14/h2-10,12,18,21H,11,13H2,1H3,(H,22,24)/t18-/m0/s1",indole
"InChI=1S/C20H20N2O4/c1-25-19(23)18(11-15-12-21-17-10-6-5-9-16(15)17)22-20(24)26-13-14-7-3-2-4-8-14/h2-10,12,18,21H,11,13H2,1H3,(H,22,24)/t18-/m0/s1",indole
"InChI=1S/C20H20N2O4/c1-25-19(23)18(11-15-12-21-17-10-6-5-9-16(15)17)22-20(24)26-13-14-7-3-2-4-8-14/h2-10,12,18,21H,11,13H2,1H3,(H,22,24)/t18-/m0/s1",indole
"InChI=1S/C20H20N2O4/c1-25-19(23)18(11-15-12-21-17-10-6-5-9-16(15)17)22-20(24)26-13-14-7-3-2-4-8-14/h2-10,12,18,21H,11,13H2,1H3,(H,22,24)/t18-/m0/s1",indole
"InChI=1S/C20H20N2O4/c1-25-19(23)18(11-15-12-21-17-10-6-5-9-16(15)17)22-20(24)26-13-14-7-3-2-4-8-14/h2-10,12,18,21H,11,13H2,1H3,(H,22,24)/t18-/m0/s1",indole
"InChI=1S/C20H20N2O4/c1-25-19(23)18(11-15-12-21-17-10-6-5-9-16(15)17)22-20(24)26-13-14-7-3-2-4-8-14/h2-10,12,18,21H,11,13H2,1H3,(H,22,24)/t18-/m0/s1",indole
"InChI=1S/C20H20N2O4/c1-25-19(23)18(11-15-12-21-17-10-6-5-9-16(15)17)22-20(24)26-13-14-7-3-2-4-8-14/h2-10,12,18,21H,11,13H2,1H3,(H,22,24)/t18-/m0/s1",indole
"InChI=1S/C20H20N2O4/c1-25-19(23)18(11-15-12-21-17-10-6-5-9-16(15)17)22-20(24)26-13-14-7-3-2-4-8-14/h2-10,12,18,21H,11,13H2,1H3,(H,22,24)/t18-/m0/s1",indole
"InChI=1S/C20H20N2O4/c1-25-19(23)18(11-15-12-21-17-10-6-5-9-16(15)17)22-20(24)26-13-14-7-3-2-4-8-14/h2-10,12,18,21H,11,13H2,1H3,(H,22,24)/t18-/m0/s1",indole
"InChI=1S/C20H20N2O4/c1-25-19(23)18(11-15-12-21-17-10-6-5-9-16(15)17)22-20(24)26-13-14-7-3-2-4-8-14/h2-10,12,18,21H,11,13H2,1H3,(H,22,24)/t18-/m0/s1",indole
"InChI=1S/C21H30N2O2/c1-14-11-15-12-18-17(7-5-9-22-18)21(13-14)16(15)8-6-10-23(21)19(24)25-20(2,3)4/h5,7,9,14-16H,6,8,10-13H2,1-4H3/t14-,15?,16-,21-/m1/s1",pyridine and pyrimidine
"InChI=1S/C21H30N2O2/c1-14-11-15-12-18-17(7-5-9-22-18)21(13-14)16(15)8-6-10-23(21)19(24)25-20(2,3)4/h5,7,9,14-16H,6,8,10-13H2,1-4H3/t14-,15?,16-,21-/m1/s1",pyridine and pyrimidine
"InChI=1S/C21H30N2O2/c1-14-11-15-12-18-17(7-5-9-22-18)21(13-14)16(15)8-6-10-23(21)19(24)25-20(2,3)4/h5,7,9,14-16H,6,8,10-13H2,1-4H3/t14-,15?,16-,21-/m1/s1",pyridine and pyrimidine
"InChI=1S/C21H30N2O2/c1-14-11-15-12-18-17(7-5-9-22-18)21(13-14)16(15)8-6-10-23(21)19(24)25-20(2,3)4/h5,7,9,14-16H,6,8,10-13H2,1-4H3/t14-,15?,16-,21-/m1/s1",pyridine and pyrimidine
"InChI=1S/C21H30N2O2/c1-14-11-15-12-18-17(7-5-9-22-18)21(13-14)16(15)8-6-10-23(21)19(24)25-20(2,3)4/h5,7,9,14-16H,6,8,10-13H2,1-4H3/t14-,15?,16-,21-/m1/s1",pyridine and pyrimidine
"InChI=1S/C21H30N2O2/c1-14-11-15-12-18-17(7-5-9-22-18)21(13-14)16(15)8-6-10-23(21)19(24)25-20(2,3)4/h5,7,9,14-16H,6,8,10-13H2,1-4H3/t14-,15?,16-,21-/m1/s1",pyridine and pyrimidine
"InChI=1S/C21H30N2O2/c1-14-11-15-12-18-17(7-5-9-22-18)21(13-14)16(15)8-6-10-23(21)19(24)25-20(2,3)4/h5,7,9,14-16H,6,8,10-13H2,1-4H3/t14-,15?,16-,21-/m1/s1",pyridine and pyrimidine
"InChI=1S/C21H30N2O2/c1-14-11-15-12-18-17(7-5-9-22-18)21(13-14)16(15)8-6-10-23(21)19(24)25-20(2,3)4/h5,7,9,14-16H,6,8,10-13H2,1-4H3/t14-,15?,16-,21-/m1/s1",pyridine and pyrimidine
"InChI=1S/C21H30N2O2/c1-14-11-15-12-18-17(7-5-9-22-18)21(13-14)16(15)8-6-10-23(21)19(24)25-20(2,3)4/h5,7,9,14-16H,6,8,10-13H2,1-4H3/t14-,15?,16-,21-/m1/s1",pyridine and pyrimidine
"InChI=1S/C21H30N2O2/c1-14-11-15-12-18-17(7-5-9-22-18)21(13-14)16(15)8-6-10-23(21)19(24)25-20(2,3)4/h5,7,9,14-16H,6,8,10-13H2,1-4H3/t14-,15?,16-,21-/m1/s1",pyridine and pyrimidine
"InChI=1S/C21H30N2O2/c1-14-11-15-12-18-17(7-5-9-22-18)21(13-14)16(15)8-6-10-23(21)19(24)25-20(2,3)4/h5,7,9,14-16H,6,8,10-13H2,1-4H3/t14-,15?,16-,21-/m1/s1",pyridine and pyrimidine
"InChI=1S/C21H30N2O2/c1-14-11-15-12-18-17(7-5-9-22-18)21(13-14)16(15)8-6-10-23(21)19(24)25-20(2,3)4/h5,7,9,14-16H,6,8,10-13H2,1-4H3/t14-,15?,16-,21-/m1/s1",pyridine and pyrimidine
"InChI=1S/C21H30N2O2/c1-14-11-15-12-18-17(7-5-9-22-18)21(13-14)16(15)8-6-10-23(21)19(24)25-20(2,3)4/h5,7,9,14-16H,6,8,10-13H2,1-4H3/t14-,15?,16-,21-/m1/s1",pyridine and pyrimidine
"InChI=1S/C16H16ClNO2S/c1-20-16(19)15(12-4-2-3-5-13(12)17)18-8-6-14-11(10-18)7-9-21-14/h2-5,7,9,15H,6,8,10H2,1H3/t15-/m0/s1",thiophene
"InChI=1S/C16H16ClNO2S/c1-20-16(19)15(12-4-2-3-5-13(12)17)18-8-6-14-11(10-18)7-9-21-14/h2-5,7,9,15H,6,8,10H2,1H3/t15-/m0/s1",thiophene
"InChI=1S/C16H16ClNO2S/c1-20-16(19)15(12-4-2-3-5-13(12)17)18-8-6-14-11(10-18)7-9-21-14/h2-5,7,9,15H,6,8,10H2,1H3/t15-/m0/s1",thiophene
"InChI=1S/C16H16ClNO2S/c1-20-16(19)15(12-4-2-3-5-13(12)17)18-8-6-14-11(10-18)7-9-21-14/h2-5,7,9,15H,6,8,10H2,1H3/t15-/m0/s1",thiophene
"InChI=1S/C16H16ClNO2S/c1-20-16(19)15(12-4-2-3-5-13(12)17)18-8-6-14-11(10-18)7-9-21-14/h2-5,7,9,15H,6,8,10H2,1H3/t15-/m0/s1",thiophene
"InChI=1S/C16H16ClNO2S/c1-20-16(19)15(12-4-2-3-5-13(12)17)18-8-6-14-11(10-18)7-9-21-14/h2-5,7,9,15H,6,8,10H2,1H3/t15-/m0/s1",thiophene
"InChI=1S/C16H16ClNO2S/c1-20-16(19)15(12-4-2-3-5-13(12)17)18-8-6-14-11(10-18)7-9-21-14/h2-5,7,9,15H,6,8,10H2,1H3/t15-/m0/s1",thiophene
"InChI=1S/C16H16ClNO2S/c1-20-16(19)15(12-4-2-3-5-13(12)17)18-8-6-14-11(10-18)7-9-21-14/h2-5,7,9,15H,6,8,10H2,1H3/t15-/m0/s1",thiophene
"InChI=1S/C16H16ClNO2S/c1-20-16(19)15(12-4-2-3-5-13(12)17)18-8-6-14-11(10-18)7-9-21-14/h2-5,7,9,15H,6,8,10H2,1H3/t15-/m0/s1",thiophene
"InChI=1S/C16H16ClNO2S/c1-20-16(19)15(12-4-2-3-5-13(12)17)18-8-6-14-11(10-18)7-9-21-14/h2-5,7,9,15H,6,8,10H2,1H3/t15-/m0/s1",thiophene
"InChI=1S/C16H16ClNO2S/c1-20-16(19)15(12-4-2-3-5-13(12)17)18-8-6-14-11(10-18)7-9-21-14/h2-5,7,9,15H,6,8,10H2,1H3/t15-/m0/s1",thiophene
"InChI=1S/C8H10/c1-7-4-3-5-8(2)6-7/h3-6H,1-2H3",ER aromatic
"InChI=1S/C8H10/c1-7-4-3-5-8(2)6-7/h3-6H,1-2H3",ER aromatic
"InChI=1S/C8H10/c1-7-4-3-5-8(2)6-7/h3-6H,1-2H3",ER aromatic
"InChI=1S/C8H10/c1-7-4-3-5-8(2)6-7/h3-6H,1-2H3",ER aromatic
"InChI=1S/C7H7ClS/c1-9-7-4-2-6(8)3-5-7/h2-5H,1H3",ED aromatic
"InChI=1S/C7H7ClS/c1-9-7-4-2-6(8)3-5-7/h2-5H,1H3",ED aromatic
"InChI=1S/C7H7ClS/c1-9-7-4-2-6(8)3-5-7/h2-5H,1H3",ED aromatic
"InChI=1S/C7H8/c1-7-5-3-2-4-6-7/h2-6H,1H3",ER aromatic
"InChI=1S/C7H8/c1-7-5-3-2-4-6-7/h2-6H,1H3",ER aromatic
"InChI=1S/C7H8/c1-7-5-3-2-4-6-7/h2-6H,1H3",ER aromatic
"InChI=1S/C7H8/c1-7-5-3-2-4-6-7/h2-6H,1H3",ER aromatic
"InChI=1S/C8H10O2/c1-3-7(9)8-5-4-6(2)10-8/h4-5H,3H2,1-2H3",furan
"InChI=1S/C8H10O2/c1-3-7(9)8-5-4-6(2)10-8/h4-5H,3H2,1-2H3",furan
"InChI=1S/C8H10O2/c1-3-7(9)8-5-4-6(2)10-8/h4-5H,3H2,1-2H3",furan
"InChI=1S/C8H10O2/c1-3-7(9)8-5-4-6(2)10-8/h4-5H,3H2,1-2H3",furan
"InChI=1S/C8H10O2/c1-3-7(9)8-5-4-6(2)10-8/h4-5H,3H2,1-2H3",furan
"InChI=1S/C9H12O2/c1-3-7-5-6-9(11-7)8(10)4-2/h5-6H,3-4H2,1-2H3",furan
"InChI=1S/C9H12O2/c1-3-7-5-6-9(11-7)8(10)4-2/h5-6H,3-4H2,1-2H3",furan
"InChI=1S/C9H12O2/c1-3-7-5-6-9(11-7)8(10)4-2/h5-6H,3-4H2,1-2H3",furan
"InChI=1S/C9H12O2/c1-3-7-5-6-9(11-7)8(10)4-2/h5-6H,3-4H2,1-2H3",furan
"InChI=1S/C9H12O2/c1-3-7-5-6-9(11-7)8(10)4-2/h5-6H,3-4H2,1-2H3",furan
"InChI=1S/C9H12O2/c1-3-7-5-6-9(11-7)8(10)4-2/h5-6H,3-4H2,1-2H3",furan
"InChI=1S/C13H18O2/c1-2-11(14)13-9-8-12(15-13)10-6-4-3-5-7-10/h8-10H,2-7H2,1H3",furan
"InChI=1S/C13H18O2/c1-2-11(14)13-9-8-12(15-13)10-6-4-3-5-7-10/h8-10H,2-7H2,1H3",furan
"InChI=1S/C13H18O2/c1-2-11(14)13-9-8-12(15-13)10-6-4-3-5-7-10/h8-10H,2-7H2,1H3",furan
"InChI=1S/C13H18O2/c1-2-11(14)13-9-8-12(15-13)10-6-4-3-5-7-10/h8-10H,2-7H2,1H3",furan
"InChI=1S/C13H18O2/c1-2-11(14)13-9-8-12(15-13)10-6-4-3-5-7-10/h8-10H,2-7H2,1H3",furan
"InChI=1S/C13H18O2/c1-2-11(14)13-9-8-12(15-13)10-6-4-3-5-7-10/h8-10H,2-7H2,1H3",furan
"InChI=1S/C13H18O2/c1-2-11(14)13-9-8-12(15-13)10-6-4-3-5-7-10/h8-10H,2-7H2,1H3",furan
"InChI=1S/C11H16O2/c1-5-8(12)9-6-7-10(13-9)11(2,3)4/h6-7H,5H2,1-4H3",furan
"InChI=1S/C11H16O2/c1-5-8(12)9-6-7-10(13-9)11(2,3)4/h6-7H,5H2,1-4H3",furan
"InChI=1S/C11H16O2/c1-5-8(12)9-6-7-10(13-9)11(2,3)4/h6-7H,5H2,1-4H3",furan
"InChI=1S/C11H16O2/c1-5-8(12)9-6-7-10(13-9)11(2,3)4/h6-7H,5H2,1-4H3",furan
"InChI=1S/C11H16O2/c1-5-8(12)9-6-7-10(13-9)11(2,3)4/h6-7H,5H2,1-4H3",furan
"InChI=1S/C8H10O3/c1-3-6(9)7-4-5-8(10-2)11-7/h4-5H,3H2,1-2H3",furan
"InChI=1S/C8H10O3/c1-3-6(9)7-4-5-8(10-2)11-7/h4-5H,3H2,1-2H3",furan
"InChI=1S/C8H10O3/c1-3-6(9)7-4-5-8(10-2)11-7/h4-5H,3H2,1-2H3",furan
"InChI=1S/C8H10O3/c1-3-6(9)7-4-5-8(10-2)11-7/h4-5H,3H2,1-2H3",furan
"InChI=1S/C8H10O3/c1-3-6(9)7-4-5-8(10-2)11-7/h4-5H,3H2,1-2H3",furan
"InChI=1S/C8H10OS/c1-3-7(9)8-5-4-6(2)10-8/h4-5H,3H2,1-2H3",thiophene
"InChI=1S/C8H10OS/c1-3-7(9)8-5-4-6(2)10-8/h4-5H,3H2,1-2H3",thiophene
"InChI=1S/C8H10OS/c1-3-7(9)8-5-4-6(2)10-8/h4-5H,3H2,1-2H3",thiophene
"InChI=1S/C8H10OS/c1-3-7(9)8-5-4-6(2)10-8/h4-5H,3H2,1-2H3",thiophene
"InChI=1S/C8H10OS/c1-3-7(9)8-5-4-6(2)10-8/h4-5H,3H2,1-2H3",thiophene
"InChI=1S/C7H8O3/c1-5-3-4-6(10-5)7(8)9-2/h3-4H,1-2H3",furan
"InChI=1S/C7H8O3/c1-5-3-4-6(10-5)7(8)9-2/h3-4H,1-2H3",furan
"InChI=1S/C7H8O3/c1-5-3-4-6(10-5)7(8)9-2/h3-4H,1-2H3",furan
"InChI=1S/C7H8O3/c1-5-3-4-6(10-5)7(8)9-2/h3-4H,1-2H3",furan
"InChI=1S/C8H11NO2/c1-6-4-5-7(11-6)8(10)9(2)3/h4-5H,1-3H3",furan
"InChI=1S/C8H11NO2/c1-6-4-5-7(11-6)8(10)9(2)3/h4-5H,1-3H3",furan
"InChI=1S/C8H11NO2/c1-6-4-5-7(11-6)8(10)9(2)3/h4-5H,1-3H3",furan
"InChI=1S/C8H11NO2/c1-6-4-5-7(11-6)8(10)9(2)3/h4-5H,1-3H3",furan
"InChI=1S/C12H19NO2/c1-8(2)13(9(3)4)12(14)11-7-6-10(5)15-11/h6-9H,1-5H3",furan
"InChI=1S/C12H19NO2/c1-8(2)13(9(3)4)12(14)11-7-6-10(5)15-11/h6-9H,1-5H3",furan
"InChI=1S/C12H19NO2/c1-8(2)13(9(3)4)12(14)11-7-6-10(5)15-11/h6-9H,1-5H3",furan
"InChI=1S/C12H19NO2/c1-8(2)13(9(3)4)12(14)11-7-6-10(5)15-11/h6-9H,1-5H3",furan
"InChI=1S/C12H19NO2/c1-8(2)13(9(3)4)12(14)11-7-6-10(5)15-11/h6-9H,1-5H3",furan
"InChI=1S/C12H19NOS/c1-8(2)13(9(3)4)12(14)11-7-6-10(5)15-11/h6-9H,1-5H3",thiophene
"InChI=1S/C12H19NOS/c1-8(2)13(9(3)4)12(14)11-7-6-10(5)15-11/h6-9H,1-5H3",thiophene
"InChI=1S/C12H19NOS/c1-8(2)13(9(3)4)12(14)11-7-6-10(5)15-11/h6-9H,1-5H3",thiophene
"InChI=1S/C12H19NOS/c1-8(2)13(9(3)4)12(14)11-7-6-10(5)15-11/h6-9H,1-5H3",thiophene
"InChI=1S/C12H19NOS/c1-8(2)13(9(3)4)12(14)11-7-6-10(5)15-11/h6-9H,1-5H3",thiophene
"InChI=1S/C8H11NOS/c1-6-4-5-7(11-6)8(10)9(2)3/h4-5H,1-3H3",thiophene
"InChI=1S/C8H11NOS/c1-6-4-5-7(11-6)8(10)9(2)3/h4-5H,1-3H3",thiophene
"InChI=1S/C8H11NOS/c1-6-4-5-7(11-6)8(10)9(2)3/h4-5H,1-3H3",thiophene
"InChI=1S/C8H11NOS/c1-6-4-5-7(11-6)8(10)9(2)3/h4-5H,1-3H3",thiophene
"InChI=1S/C15H18/c1-10(2)13-7-5-11(3)14-8-6-12(4)15(14)9-13/h5-10H,1-4H3",ER aromatic
"InChI=1S/C15H18/c1-10(2)13-7-5-11(3)14-8-6-12(4)15(14)9-13/h5-10H,1-4H3",ER aromatic
"InChI=1S/C15H18/c1-10(2)13-7-5-11(3)14-8-6-12(4)15(14)9-13/h5-10H,1-4H3",ER aromatic
"InChI=1S/C15H18/c1-10(2)13-7-5-11(3)14-8-6-12(4)15(14)9-13/h5-10H,1-4H3",ER aromatic
"InChI=1S/C15H18/c1-10(2)13-7-5-11(3)14-8-6-12(4)15(14)9-13/h5-10H,1-4H3",ER aromatic
"InChI=1S/C15H18/c1-10(2)13-7-5-11(3)14-8-6-12(4)15(14)9-13/h5-10H,1-4H3",ER aromatic
"InChI=1S/C15H18/c1-10(2)13-7-5-11(3)14-8-6-12(4)15(14)9-13/h5-10H,1-4H3",ER aromatic
"InChI=1S/C15H18/c1-10(2)13-7-5-11(3)14-8-6-12(4)15(14)9-13/h5-10H,1-4H3",ER aromatic
"InChI=1S/C15H18/c1-10(2)13-7-5-11(3)14-8-6-12(4)15(14)9-13/h5-10H,1-4H3",ER aromatic
